customer_id,age,annual_income,purchase_frequency,avg_order_value,satisfaction
SEG0001,62,98841.84,32.51,71.35,3.27
SEG0002,61,108372.73,30.31,50.51,4.46
SEG0003,40,48182.55,8.09,203.86,3.64
SEG0004,26,50106.93,12.39,175.61,3.38
SEG0005,49,88483.69,27.81,141.12,4.37
SEG0006,57,117441.46,30.13,58.59,4.08
SEG0007,54,86897.81,29.15,55.6,4.87
SEG0008,37,85700.31,28.88,203.59,4.0
SEG0009,42,67521.52,21.31,117.98,3.85
SEG0010,21,33363.22,5.71,50.6,2.89
SEG0011,29,65090.09,9.6,216.47,2.7
SEG0012,18,41058.55,15.28,60.84,3.34
SEG0013,51,81346.86,28.24,110.43,4.31
SEG0014,62,111491.57,31.5,41.51,4.02
SEG0015,46,70904.72,28.66,95.19,4.81
SEG0016,22,40504.75,3.79,50.97,2.08
SEG0017,28,38199.72,13.61,36.85,2.22
SEG0018,49,66389.39,28.66,60.9,4.02
SEG0019,33,51696.66,7.95,181.33,3.24
SEG0020,32,59647.57,5.29,138.75,3.36
SEG0021,40,55324.47,24.4,104.69,4.16
SEG0022,46,70466.6,28.04,121.25,4.08
SEG0023,32,50184.82,2.49,131.47,4.0
SEG0024,35,46921.01,12.25,358.64,2.82
SEG0025,43,87366.63,19.48,86.34,4.63
SEG0026,43,68260.67,19.44,139.33,3.57
SEG0027,28,43054.33,6.64,166.71,3.07
SEG0028,40,53571.4,8.06,241.11,3.02
SEG0029,30,34458.45,5.91,50.91,2.61
SEG0030,45,101393.97,26.49,103.59,4.26
SEG0031,43,62433.35,17.9,128.14,4.62
SEG0032,64,102983.59,38.28,77.88,4.61
SEG0033,44,67708.26,20.93,102.01,3.98
SEG0034,39,38455.51,4.1,258.98,3.34
SEG0035,42,72738.05,33.73,146.02,4.31
SEG0036,59,105223.17,39.39,68.83,4.78
SEG0037,58,113936.26,38.82,65.29,4.9
SEG0038,29,23977.89,13.88,60.48,2.87
SEG0039,24,24185.17,12.56,34.31,2.06
SEG0040,35,58887.45,6.66,210.0,3.45
SEG0041,29,48442.09,1.53,255.6,4.75
SEG0042,34,63148.32,6.95,154.83,4.51
SEG0043,38,91296.94,26.86,163.95,4.17
SEG0044,27,45778.42,17.41,235.47,4.48
SEG0045,32,58681.37,2.86,221.44,4.5
SEG0046,38,68307.11,29.31,133.28,5.0
SEG0047,42,78965.83,27.27,99.23,3.62
SEG0048,50,39649.51,31.66,53.54,4.46
SEG0049,49,64719.68,28.76,84.81,3.89
SEG0050,38,29535.73,15.15,68.32,2.31
SEG0051,54,59893.09,33.17,81.26,5.0
SEG0052,42,42397.44,15.48,206.36,3.66
SEG0053,34,44780.11,3.2,230.18,3.07
SEG0054,33,48142.28,6.55,132.91,2.07
SEG0055,33,38482.85,1.0,49.14,2.6
SEG0056,26,60403.96,12.55,271.27,4.29
SEG0057,34,27210.79,10.07,48.82,3.18
SEG0058,56,86845.87,25.38,89.41,4.79
SEG0059,23,36438.29,8.64,31.89,3.1
SEG0060,18,32828.27,9.56,28.78,2.65
SEG0061,24,41697.44,14.02,47.19,1.38
SEG0062,40,69116.09,30.84,135.09,4.34
SEG0063,34,41392.69,15.84,50.41,2.38
SEG0064,37,51691.2,11.14,192.52,3.91
SEG0065,34,55613.4,3.21,206.76,3.7
SEG0066,27,18482.46,5.06,48.38,3.18
SEG0067,57,89375.24,36.21,75.18,5.0
SEG0068,56,90834.71,35.29,86.1,4.56
SEG0069,21,22385.51,3.85,38.73,2.64
SEG0070,18,22781.83,11.51,60.53,2.99
SEG0071,23,55666.62,11.82,196.03,3.39
SEG0072,45,84848.8,27.51,150.71,4.3
SEG0073,39,71734.49,22.88,116.81,4.45
SEG0074,29,62014.8,4.05,229.84,3.88
SEG0075,37,34707.6,8.53,184.29,2.9
SEG0076,35,40310.04,8.98,290.47,3.64
SEG0077,57,95165.18,35.66,69.96,4.49
SEG0078,28,43631.49,11.57,196.48,3.75
SEG0079,32,26493.33,6.82,50.71,2.56
SEG0080,27,34659.51,14.05,44.61,2.24
SEG0081,35,44467.89,8.57,220.09,3.13
SEG0082,32,48965.24,10.93,177.64,3.14
SEG0083,32,57278.63,10.91,232.67,3.82
SEG0084,50,80211.41,22.79,127.79,3.59
SEG0085,36,47398.02,8.45,215.89,3.33
SEG0086,59,95798.28,29.48,56.88,4.86
SEG0087,36,103199.17,31.15,84.53,4.48
SEG0088,35,28624.05,11.4,43.76,2.81
SEG0089,55,115886.28,31.43,69.77,4.99
SEG0090,63,56787.35,20.38,80.64,4.4
SEG0091,20,29845.97,21.64,31.83,2.9
SEG0092,38,57611.3,23.55,89.35,3.49
SEG0093,30,41795.28,7.42,228.16,3.14
SEG0094,32,28174.48,9.39,23.52,2.54
SEG0095,42,36579.09,9.31,33.54,3.23
SEG0096,27,28120.94,7.41,65.52,2.45
SEG0097,37,50098.84,7.74,199.43,4.14
SEG0098,28,23890.88,11.58,43.86,2.67
SEG0099,26,28883.49,13.58,63.41,1.66
SEG0100,28,28888.72,6.35,23.65,2.66
SEG0101,31,46917.47,12.81,198.73,3.28
SEG0102,50,81985.08,37.87,85.09,5.0
SEG0103,29,55380.62,12.19,248.04,4.21
SEG0104,30,31989.44,1.0,49.13,2.77
SEG0105,65,83983.81,31.87,48.76,3.97
SEG0106,61,120341.63,37.21,82.23,5.0
SEG0107,26,37173.9,4.73,13.88,2.28
SEG0108,57,102137.62,31.26,80.96,5.0
SEG0109,47,67250.55,15.95,99.25,4.8
SEG0110,25,35909.05,12.56,44.45,2.46
SEG0111,30,72846.66,4.18,274.25,3.87
SEG0112,47,76316.92,20.08,97.17,3.85
SEG0113,60,113710.56,33.26,79.29,5.0
SEG0114,30,47014.78,19.81,156.47,3.3
SEG0115,34,43478.78,8.62,213.14,3.61
SEG0116,32,58621.12,13.85,281.21,3.34
SEG0117,23,33126.71,17.9,44.47,2.88
SEG0118,39,59226.29,13.09,156.27,3.07
SEG0119,43,95274.27,30.91,128.68,4.65
SEG0120,25,27239.83,4.68,43.64,2.34
SEG0121,49,85901.78,26.22,131.67,4.01
SEG0122,47,77142.35,35.15,72.72,4.11
SEG0123,42,67894.94,12.82,240.52,3.63
SEG0124,34,53529.78,10.51,254.24,3.7
SEG0125,18,38630.83,10.8,31.56,2.59
SEG0126,36,37297.2,5.43,166.47,3.06
SEG0127,37,46176.32,8.37,255.7,3.3
SEG0128,63,121904.52,35.38,84.9,5.0
SEG0129,36,59945.25,3.31,216.39,3.68
SEG0130,28,46413.75,9.23,27.35,2.52
SEG0131,63,82602.65,31.85,73.79,4.67
SEG0132,30,62267.35,16.67,179.37,2.91
SEG0133,25,40104.44,8.97,48.63,2.09
SEG0134,45,49235.13,9.0,181.48,3.1
SEG0135,43,79461.18,29.45,81.73,3.77
SEG0136,30,53124.17,3.48,215.38,3.21
SEG0137,42,67123.72,21.95,138.15,4.7
SEG0138,39,62414.84,12.92,212.23,4.34
SEG0139,33,26528.77,7.33,46.49,2.9
SEG0140,57,80870.15,35.16,56.57,4.84
SEG0141,28,24267.47,17.11,45.17,1.97
SEG0142,28,22034.5,11.44,53.52,3.72
SEG0143,29,28204.59,10.83,59.26,2.73
SEG0144,48,88671.18,28.03,89.91,3.54
SEG0145,25,40791.48,3.67,310.01,3.18
SEG0146,44,74575.75,26.77,132.0,3.63
SEG0147,47,68455.23,23.15,121.24,4.56
SEG0148,54,99619.02,33.61,79.24,4.79
SEG0149,26,53187.5,4.34,134.82,3.29
SEG0150,40,119561.12,29.9,152.43,4.02
SEG0151,42,114104.82,23.46,137.29,5.0
SEG0152,54,100642.3,31.93,60.34,5.0
SEG0153,21,36468.97,11.72,53.89,2.41
SEG0154,30,37910.8,4.36,33.04,2.76
SEG0155,48,79902.49,29.68,119.64,4.77
SEG0156,34,44711.05,13.7,260.02,3.3
SEG0157,25,35461.05,6.0,48.17,2.42
SEG0158,59,62343.93,28.37,79.19,5.0
SEG0159,42,88144.68,20.07,117.17,4.33
SEG0160,34,59138.1,6.97,208.04,3.79
SEG0161,25,26771.87,11.86,35.46,3.14
SEG0162,47,92738.83,38.51,107.6,4.66
SEG0163,50,88882.63,24.03,143.36,3.81
SEG0164,19,34904.58,12.25,33.26,2.44
SEG0165,21,29342.81,8.25,52.33,2.27
SEG0166,35,102088.82,27.98,155.63,4.47
SEG0167,49,84129.12,27.86,133.64,4.0
SEG0168,33,30475.88,10.47,48.66,2.7
SEG0169,28,53883.21,3.92,228.64,3.85
SEG0170,54,86110.79,29.46,98.89,4.44
SEG0171,36,94882.31,21.74,102.05,4.54
SEG0172,38,38093.22,8.58,35.21,2.31
SEG0173,44,76913.35,21.88,166.78,4.79
SEG0174,69,68709.16,28.77,79.14,4.7
SEG0175,40,65979.05,22.01,187.95,3.56
SEG0176,25,40878.55,8.77,206.79,3.69
SEG0177,24,32507.32,10.34,60.59,3.3
SEG0178,27,36924.42,10.65,52.63,2.67
SEG0179,62,113048.19,33.7,77.26,5.0
SEG0180,33,46607.73,1.78,240.58,3.81
SEG0181,24,46255.04,11.0,213.05,3.52
SEG0182,48,76481.91,27.54,99.09,4.36
SEG0183,26,39862.36,5.99,246.56,3.52
SEG0184,53,113478.8,33.28,92.24,4.3
SEG0185,37,41111.86,13.65,49.83,2.72
SEG0186,30,24090.6,7.61,43.97,2.04
SEG0187,67,106826.21,39.13,88.04,4.07
SEG0188,36,29404.24,15.46,59.93,3.11
SEG0189,49,84084.73,25.96,183.91,4.32
SEG0190,26,34545.43,14.6,56.01,2.01
SEG0191,49,87678.3,24.62,106.42,4.84
SEG0192,52,100039.59,20.77,124.0,4.23
SEG0193,37,36651.71,9.1,46.6,2.82
SEG0194,32,41679.79,15.83,57.35,2.16
SEG0195,39,64089.9,27.69,116.57,4.47
SEG0196,47,81460.09,29.63,112.39,3.55
SEG0197,30,60123.54,15.48,293.11,3.42
SEG0198,40,39341.97,14.34,247.27,3.87
SEG0199,18,34907.86,17.55,48.37,2.48
SEG0200,42,68556.01,26.55,96.61,4.42
SEG0201,65,91299.1,33.73,74.77,4.9
SEG0202,40,56349.08,11.64,247.67,3.91
SEG0203,60,104726.35,34.97,74.63,4.92
SEG0204,53,66907.11,32.57,62.63,5.0
SEG0205,38,89392.38,23.34,130.61,3.72
SEG0206,21,33899.78,8.59,52.78,3.08
SEG0207,19,38294.2,6.15,41.7,1.87
SEG0208,20,20795.68,8.38,45.61,2.33
SEG0209,23,33682.87,8.04,258.19,3.61
SEG0210,39,31780.44,11.26,44.79,2.15
SEG0211,57,112791.25,35.51,80.9,5.0
SEG0212,37,55058.42,14.01,185.39,4.14
SEG0213,52,93307.37,24.65,79.15,5.0
SEG0214,28,49352.85,7.11,209.59,3.03
SEG0215,28,41043.25,8.0,47.28,2.6
SEG0216,26,33602.8,8.48,49.13,2.47
SEG0217,26,35160.85,1.0,200.15,3.87
SEG0218,24,30577.82,7.38,36.73,3.49
SEG0219,53,74146.66,28.42,76.23,4.44
SEG0220,30,27793.51,7.65,38.0,2.46
SEG0221,38,59667.59,13.63,156.47,3.03
SEG0222,37,77953.08,21.69,110.29,4.51
SEG0223,40,58486.68,9.28,187.93,3.51
SEG0224,41,58192.16,11.54,266.01,3.35
SEG0225,32,29812.55,12.38,57.14,3.2
SEG0226,62,104948.58,37.55,60.73,5.0
SEG0227,35,53291.8,6.2,163.22,4.16
SEG0228,45,72816.78,27.4,120.37,3.43
SEG0229,57,73181.17,32.95,101.17,4.41
SEG0230,63,86712.0,31.92,60.51,4.98
SEG0231,36,33108.49,12.14,50.28,2.39
SEG0232,36,29018.17,3.71,35.88,2.78
SEG0233,56,99637.13,31.05,77.98,5.0
SEG0234,43,42927.04,11.73,229.52,2.95
SEG0235,46,103952.62,23.05,123.46,3.48
SEG0236,27,32922.69,17.9,35.75,2.93
SEG0237,36,72911.0,8.7,217.51,3.88
SEG0238,31,37389.52,12.25,30.39,2.73
SEG0239,31,27739.48,11.16,26.82,2.61
SEG0240,47,91471.42,28.8,104.65,3.54
SEG0241,34,34332.31,11.97,61.64,1.78
SEG0242,45,46738.11,11.3,219.36,3.34
SEG0243,25,45706.17,9.87,237.18,3.93
SEG0244,30,58989.93,8.26,250.63,3.73
SEG0245,25,33452.67,11.84,52.79,3.18
SEG0246,24,25281.62,15.15,32.27,2.97
SEG0247,29,46106.55,7.68,149.75,3.06
SEG0248,24,58263.89,7.95,220.7,3.47
SEG0249,28,29223.52,13.83,27.54,1.85
SEG0250,42,54499.84,1.0,235.46,2.78
SEG0251,51,90917.75,34.39,121.45,3.65
SEG0252,25,29018.16,11.54,26.87,2.5
SEG0253,28,47198.6,13.53,268.53,3.83
SEG0254,47,74287.09,25.81,85.02,3.64
SEG0255,44,62277.9,28.76,128.58,4.07
SEG0256,54,105951.56,34.71,60.48,4.46
SEG0257,27,33848.84,11.23,43.99,2.82
SEG0258,33,38927.22,13.35,267.43,2.88
SEG0259,29,39491.3,8.78,52.64,3.0
SEG0260,60,135803.31,34.6,76.68,4.62
SEG0261,43,70075.03,21.55,104.28,4.14
SEG0262,63,103759.93,32.68,109.99,5.0
SEG0263,38,87890.03,21.25,137.66,3.58
SEG0264,54,109005.4,30.18,57.2,4.39
SEG0265,28,55860.3,12.81,210.46,3.96
SEG0266,25,31417.39,17.14,43.24,2.98
SEG0267,30,51811.46,4.57,223.22,3.61
SEG0268,33,28664.03,9.33,56.77,1.96
SEG0269,18,28236.08,12.44,45.82,2.07
SEG0270,43,72851.88,19.74,120.27,4.54
SEG0271,32,37838.45,14.9,171.93,3.67
SEG0272,33,34429.16,9.07,27.02,3.03
SEG0273,27,61098.99,12.44,160.89,2.94
SEG0274,32,60607.7,5.61,224.54,3.27
SEG0275,48,69085.88,23.12,100.47,3.72
SEG0276,34,29939.01,6.2,28.46,2.38
SEG0277,29,42540.76,4.9,225.89,2.98
SEG0278,26,37101.04,7.79,34.47,2.97
SEG0279,27,30994.09,12.08,44.14,2.53
SEG0280,19,27164.6,17.45,34.7,2.53
SEG0281,38,35955.93,11.16,37.06,2.22
SEG0282,32,55155.49,13.09,225.69,3.24
SEG0283,42,85310.04,27.35,122.89,3.7
SEG0284,64,93381.17,32.98,63.84,4.38
SEG0285,37,40146.31,3.35,293.02,3.87
SEG0286,61,79081.04,32.88,73.78,4.5
SEG0287,33,38606.73,1.0,234.37,3.57
SEG0288,30,36432.86,12.05,59.7,3.03
SEG0289,28,32911.33,10.9,29.82,2.91
SEG0290,32,22452.57,16.2,40.76,2.44
SEG0291,33,50391.27,17.58,207.36,3.35
SEG0292,34,44059.12,9.17,180.26,3.73
SEG0293,22,28617.8,5.98,39.73,1.7
SEG0294,19,48985.41,1.86,303.92,3.34
SEG0295,32,33780.44,5.75,40.84,2.83
SEG0296,38,60109.26,5.37,248.27,3.23
SEG0297,49,91759.21,20.5,137.89,3.71
SEG0298,33,25501.3,11.29,52.31,2.53
SEG0299,48,82116.73,32.27,98.49,4.03
SEG0300,46,92768.07,27.25,52.12,4.0
SEG0301,31,54376.32,9.91,268.49,3.92
SEG0302,36,67573.97,26.77,135.96,4.82
SEG0303,41,88777.46,25.43,140.23,4.37
SEG0304,43,64296.86,27.11,148.4,4.25
SEG0305,18,30982.78,12.71,35.3,2.98
SEG0306,30,49007.18,8.82,175.41,3.91
SEG0307,36,25663.42,9.26,63.74,2.99
SEG0308,24,62923.42,1.0,249.75,3.11
SEG0309,31,33421.93,10.54,50.8,2.28
SEG0310,30,60709.98,8.02,192.43,3.42
SEG0311,26,30007.88,11.77,36.38,3.18
SEG0312,44,52220.45,27.1,103.39,4.19
SEG0313,42,87516.05,28.67,136.33,5.0
SEG0314,30,64782.61,13.57,236.33,3.71
SEG0315,64,92429.51,29.98,67.51,4.83
SEG0316,25,27840.09,5.86,35.26,2.21
SEG0317,24,32617.92,6.9,49.87,3.39
SEG0318,41,42068.78,6.8,158.5,3.59
SEG0319,30,33002.03,5.8,38.57,2.93
SEG0320,30,26999.84,4.86,44.28,2.44
SEG0321,20,30224.37,8.06,39.19,2.31
SEG0322,30,32515.85,15.02,46.96,2.86
SEG0323,26,53420.97,6.51,255.04,3.61
SEG0324,52,64916.82,23.15,139.76,4.14
SEG0325,37,83240.64,24.02,142.89,3.44
SEG0326,41,80203.14,26.68,149.99,4.09
SEG0327,31,31599.91,12.93,29.78,1.33
SEG0328,66,87970.94,25.19,72.35,4.47
SEG0329,45,84911.13,24.33,156.57,3.66
SEG0330,44,100603.9,30.97,43.74,4.97
SEG0331,48,96016.08,35.07,79.24,4.79
SEG0332,40,80365.69,28.03,111.56,3.69
SEG0333,63,130664.09,37.98,31.66,5.0
SEG0334,24,42371.81,5.85,33.83,2.48
SEG0335,41,73057.31,29.77,165.37,3.78
SEG0336,44,40481.33,5.58,342.62,3.67
SEG0337,24,33520.24,12.82,48.34,3.08
SEG0338,29,45880.23,4.44,179.8,3.52
SEG0339,52,103127.02,34.53,54.83,4.42
SEG0340,55,94131.45,31.34,89.94,5.0
SEG0341,29,58474.17,13.5,278.54,3.59
SEG0342,34,38862.13,6.35,147.69,4.01
SEG0343,32,51191.05,5.53,151.74,3.82
SEG0344,46,91107.6,18.99,167.72,4.14
SEG0345,48,40996.58,27.64,127.9,4.1
SEG0346,33,46420.46,2.35,158.81,3.51
SEG0347,51,93540.28,26.92,116.02,5.0
SEG0348,38,57565.86,2.67,232.37,2.94
SEG0349,40,27155.91,7.57,38.57,2.33
SEG0350,38,52028.36,8.17,254.8,2.82
SEG0351,47,79890.52,23.19,133.77,4.25
SEG0352,18,39918.87,14.83,32.07,2.16
SEG0353,66,109721.25,33.56,82.19,4.87
SEG0354,28,46714.98,11.99,251.76,3.63
SEG0355,30,61259.15,4.13,291.67,3.17
SEG0356,23,32173.87,10.85,45.96,1.9
SEG0357,31,37641.06,9.68,29.69,2.4
SEG0358,51,63924.88,29.81,101.8,4.66
SEG0359,41,87968.61,28.44,88.08,5.0
SEG0360,44,90729.75,23.62,74.08,4.15
SEG0361,36,94442.76,20.33,130.76,4.47
SEG0362,46,70966.54,18.88,86.9,3.86
SEG0363,50,96668.95,28.95,53.67,4.06
SEG0364,18,31675.0,7.06,45.25,2.47
SEG0365,33,58058.65,2.11,251.59,3.68
SEG0366,42,66655.99,26.16,142.83,3.57
SEG0367,32,42015.61,9.74,57.9,2.71
SEG0368,36,45441.28,6.64,172.53,3.92
SEG0369,24,42149.25,11.75,48.9,1.9
SEG0370,32,30730.92,7.74,38.51,1.94
SEG0371,43,75655.69,20.75,144.72,5.0
SEG0372,34,76410.14,32.63,107.77,4.4
SEG0373,60,109611.59,39.33,45.47,4.79
SEG0374,31,51627.73,8.18,205.76,3.01
SEG0375,22,44243.52,4.47,57.14,2.03
SEG0376,29,43336.71,13.18,30.76,2.35
SEG0377,34,61646.14,8.19,212.31,4.27
SEG0378,37,36024.3,7.5,18.75,1.92
SEG0379,19,31647.57,13.75,64.56,3.07
SEG0380,54,102479.89,33.61,49.27,4.31
SEG0381,31,71936.27,9.55,156.37,3.31
SEG0382,46,74474.14,24.58,150.94,4.83
SEG0383,35,30270.6,9.34,41.94,2.98
SEG0384,32,33996.59,9.93,245.62,3.32
SEG0385,45,46924.61,13.67,155.19,3.62
SEG0386,38,76974.05,29.05,113.71,3.89
SEG0387,42,130784.99,26.81,134.09,4.4
SEG0388,48,114244.2,34.85,45.57,5.0
SEG0389,28,25567.38,11.25,36.0,1.78
SEG0390,32,49870.16,1.7,182.23,3.04
SEG0391,56,109425.2,32.57,74.46,3.88
SEG0392,43,62725.78,19.13,155.1,3.6
SEG0393,59,89406.06,28.19,95.13,4.43
SEG0394,25,27766.35,10.7,43.42,2.18
SEG0395,28,51613.07,5.4,303.47,3.26
SEG0396,45,76722.87,24.84,155.72,4.46
SEG0397,46,85720.59,19.54,142.6,4.09
SEG0398,31,84388.65,2.11,215.62,3.42
SEG0399,34,42508.91,8.9,165.61,3.63
SEG0400,44,74571.83,25.71,175.31,4.46
SEG0401,44,83960.71,26.16,145.79,3.93
SEG0402,56,80637.84,37.31,193.4,3.97
SEG0403,59,104448.72,35.74,77.17,5.0
SEG0404,23,46290.59,7.24,187.73,2.72
SEG0405,48,62458.06,23.3,151.59,4.75
SEG0406,40,63444.26,22.75,161.88,4.73
SEG0407,60,102357.51,26.73,82.67,5.0
SEG0408,35,53889.55,3.87,276.55,2.89
SEG0409,34,56282.5,12.56,271.0,4.01
SEG0410,32,73751.96,12.35,202.92,3.37
SEG0411,33,29307.63,4.89,45.82,1.48
SEG0412,30,35674.67,8.94,56.38,2.88
SEG0413,37,78621.16,23.92,120.76,4.72
SEG0414,47,67925.62,26.9,108.39,3.98
SEG0415,43,75839.0,15.12,233.43,3.58
SEG0416,40,52950.2,2.3,308.04,2.97
SEG0417,65,111402.94,39.44,89.23,4.44
SEG0418,35,29907.09,6.09,26.87,2.44
SEG0419,24,65446.24,1.72,201.6,3.35
SEG0420,59,82700.79,36.54,77.69,4.69
SEG0421,24,35166.07,15.59,71.68,2.08
SEG0422,27,21015.24,12.72,31.48,2.62
SEG0423,65,90732.96,28.27,96.75,5.0
SEG0424,21,32804.85,6.59,55.5,2.56
SEG0425,43,43280.63,8.91,219.41,3.61
SEG0426,40,46395.97,28.72,131.53,3.83
SEG0427,40,61583.38,18.57,159.71,4.46
SEG0428,50,142536.2,27.49,86.79,4.7
SEG0429,35,82909.48,25.26,111.78,4.79
SEG0430,47,88097.61,25.14,140.07,4.19
SEG0431,31,26403.98,1.0,58.43,2.49
SEG0432,31,28057.56,9.1,60.05,2.66
SEG0433,56,90517.89,23.33,142.63,4.96
SEG0434,35,58041.11,13.65,106.48,3.82
SEG0435,36,27578.94,14.18,44.95,1.74
SEG0436,48,77865.9,25.7,148.48,3.77
SEG0437,48,65191.89,32.05,162.58,4.89
SEG0438,37,48034.06,5.12,182.22,3.42
SEG0439,24,33871.19,6.78,38.84,2.33
SEG0440,53,91963.62,34.34,60.42,4.16
SEG0441,57,77904.65,37.35,63.47,4.72
SEG0442,31,24730.26,6.62,38.76,2.85
SEG0443,54,104057.29,31.09,94.54,3.81
SEG0444,42,66279.18,11.18,259.0,3.31
SEG0445,38,27789.19,3.56,52.93,2.24
SEG0446,50,113487.99,24.69,82.5,4.5
SEG0447,68,106066.66,36.3,57.11,3.94
SEG0448,32,57725.73,8.29,275.7,3.75
SEG0449,22,34676.35,10.69,57.58,2.08
SEG0450,24,34286.18,15.66,43.03,2.77
SEG0451,43,77404.11,30.61,133.14,4.0
SEG0452,25,30231.18,7.23,42.64,2.53
SEG0453,36,42778.42,6.32,202.01,3.16
SEG0454,40,90646.28,31.46,121.05,3.88
SEG0455,34,52789.0,10.77,200.82,3.26
SEG0456,49,39892.1,11.6,292.1,3.39
SEG0457,31,22341.5,10.1,56.48,2.55
SEG0458,34,68232.55,11.28,254.28,3.14
SEG0459,43,104580.67,32.02,87.58,4.76
SEG0460,43,78430.57,21.56,77.23,3.8
SEG0461,27,51571.32,1.47,196.97,4.37
SEG0462,28,32276.91,10.06,47.1,2.26
SEG0463,33,46927.08,2.03,276.77,3.1
SEG0464,68,84509.45,26.57,106.94,4.03
SEG0465,20,38461.85,7.45,155.25,3.25
SEG0466,18,38263.82,11.68,32.47,1.46
SEG0467,38,87128.51,30.31,123.26,3.97
SEG0468,55,103368.75,35.53,72.64,4.53
SEG0469,39,65987.3,6.85,224.11,3.16
SEG0470,43,64991.36,31.69,155.34,4.98
SEG0471,31,71378.62,8.98,213.52,4.07
SEG0472,22,32192.96,9.37,49.13,2.3
SEG0473,55,91284.07,30.84,76.3,5.0
SEG0474,30,88760.35,24.11,124.88,3.71
SEG0475,28,29745.67,9.1,50.77,2.79
SEG0476,37,28588.46,12.73,51.27,2.54
SEG0477,38,28323.52,10.6,48.02,1.96
SEG0478,42,51002.22,9.75,296.46,3.6
SEG0479,34,52621.6,3.98,201.58,3.43
SEG0480,35,64904.08,11.72,191.56,3.49
SEG0481,51,53795.31,25.09,92.64,5.0
SEG0482,39,47355.11,7.86,180.23,4.4
SEG0483,44,103776.2,31.72,58.03,4.59
SEG0484,24,66693.53,8.1,264.29,3.28
SEG0485,42,52325.45,12.29,247.46,3.48
SEG0486,34,56107.86,5.48,43.8,1.92
SEG0487,60,101982.69,39.77,70.77,5.0
SEG0488,18,32874.24,6.52,50.86,3.02
SEG0489,54,107535.7,30.57,75.78,4.89
SEG0490,37,63972.96,29.47,110.63,4.78
SEG0491,18,37387.59,10.03,44.07,2.57
SEG0492,19,38463.14,8.28,36.74,3.47
SEG0493,56,82765.41,35.25,79.35,5.0
SEG0494,35,60940.06,16.21,183.32,3.29
SEG0495,33,83335.0,26.5,166.11,4.19
SEG0496,57,101452.74,31.06,81.07,4.8
SEG0497,46,74800.69,28.2,147.65,4.05
SEG0498,58,94896.88,27.09,66.98,5.0
SEG0499,63,103972.05,27.95,91.15,5.0
SEG0500,38,51974.03,4.54,219.32,3.28
SEG0501,27,39425.78,13.53,41.6,2.54
SEG0502,58,90356.22,26.63,88.66,5.0
SEG0503,30,45886.82,11.63,187.77,2.88
SEG0504,40,97038.23,23.91,111.46,3.99
SEG0505,27,39667.7,6.95,152.11,3.32
SEG0506,30,34170.32,9.44,33.14,2.31
SEG0507,30,35575.11,8.91,38.03,2.54
SEG0508,32,42467.44,9.23,220.89,3.0
SEG0509,30,50224.47,1.9,184.82,3.78
SEG0510,40,66789.66,30.33,140.0,4.51
SEG0511,29,49337.94,7.96,230.98,4.53
SEG0512,59,117118.54,41.15,103.32,4.77
SEG0513,35,32734.68,9.84,53.33,2.9
SEG0514,46,75647.85,24.07,95.49,4.27
SEG0515,44,89659.11,20.16,132.98,4.11
SEG0516,58,119966.08,37.13,91.76,4.74
SEG0517,27,38935.04,16.84,60.83,2.72
SEG0518,43,87711.3,29.02,118.56,4.11
SEG0519,75,90936.61,35.41,66.51,4.64
SEG0520,28,43393.86,10.47,244.12,4.33
SEG0521,28,32895.77,9.83,35.37,2.77
SEG0522,57,72676.21,36.43,65.52,4.85
SEG0523,30,33210.72,5.98,58.82,2.17
SEG0524,28,89913.42,29.26,95.83,4.2
SEG0525,34,40132.75,12.45,53.19,2.82
SEG0526,33,41807.16,6.96,274.41,4.0
SEG0527,44,73318.64,32.94,133.55,4.49
SEG0528,51,97011.42,36.34,52.4,4.68
SEG0529,36,65370.73,11.9,301.95,3.87
SEG0530,48,64587.14,22.06,178.07,4.0
SEG0531,55,57294.27,36.24,56.54,4.33
SEG0532,41,31325.87,13.43,179.86,3.43
SEG0533,38,59327.88,22.96,106.34,3.65
SEG0534,52,64387.76,18.45,70.96,4.4
SEG0535,33,75498.33,33.88,135.2,4.35
SEG0536,31,51874.71,7.14,234.94,4.25
SEG0537,55,84101.36,31.7,90.84,4.55
SEG0538,30,34945.41,18.61,54.13,2.11
SEG0539,30,80111.32,23.18,116.11,3.75
SEG0540,31,47083.89,7.54,187.44,3.18
SEG0541,61,97955.0,32.02,74.19,4.3
SEG0542,37,43706.14,14.95,27.53,2.2
SEG0543,32,27679.37,7.2,31.42,2.34
SEG0544,53,55822.89,36.61,81.88,4.1
SEG0545,63,100238.36,36.64,87.12,4.35
SEG0546,38,58657.03,12.22,268.28,4.44
SEG0547,40,44656.89,8.71,169.23,4.04
SEG0548,23,44851.42,8.83,44.57,2.29
SEG0549,54,88644.7,32.93,75.29,4.51
SEG0550,36,46919.05,7.98,305.47,3.24
SEG0551,32,41190.79,6.65,238.13,3.26
SEG0552,51,104376.71,33.87,85.13,4.14
SEG0553,66,89393.87,27.97,91.9,5.0
SEG0554,26,27203.53,11.77,31.81,3.65
SEG0555,22,34051.48,9.36,35.89,2.08
SEG0556,35,34115.41,7.22,39.46,2.13
SEG0557,63,114269.68,34.11,79.19,4.98
SEG0558,24,54575.38,12.27,231.18,3.52
SEG0559,30,46670.35,5.91,230.79,3.28
SEG0560,32,89200.32,28.09,140.16,3.78
SEG0561,40,85286.61,26.11,110.04,4.78
SEG0562,38,36089.89,26.35,133.72,4.23
SEG0563,60,88174.86,36.1,52.46,4.69
SEG0564,39,92134.78,22.82,132.03,4.24
SEG0565,59,85124.71,33.46,75.47,4.85
SEG0566,37,32668.37,6.02,64.41,2.94
SEG0567,47,75435.64,28.96,71.16,4.9
SEG0568,33,30980.11,13.48,51.13,2.05
SEG0569,44,83265.33,25.46,123.73,4.61
SEG0570,35,69576.45,5.39,239.82,3.09
SEG0571,32,25581.3,11.15,56.69,2.52
SEG0572,28,60845.95,9.44,215.88,3.06
SEG0573,18,44969.21,7.71,35.17,2.64
SEG0574,52,106787.32,37.4,57.55,4.57
SEG0575,31,24983.58,6.36,43.84,3.38
SEG0576,29,49353.01,17.92,258.49,2.74
SEG0577,57,108318.79,37.79,97.98,4.95
SEG0578,62,75085.03,29.23,53.59,5.0
SEG0579,36,52995.06,14.17,246.05,4.01
SEG0580,39,59992.09,3.83,267.15,3.71
SEG0581,32,58406.71,13.14,215.25,3.16
SEG0582,30,38940.55,7.33,248.57,4.28
SEG0583,53,104337.04,32.09,74.86,4.01
SEG0584,37,103477.56,30.04,138.09,4.41
SEG0585,38,47804.52,6.37,190.19,3.58
SEG0586,51,86286.9,34.02,69.18,3.91
SEG0587,26,35142.03,10.46,28.27,2.96
SEG0588,33,55173.53,12.18,214.01,2.64
SEG0589,39,19283.81,8.67,57.83,2.19
SEG0590,39,74957.21,25.28,105.4,3.91
SEG0591,40,47028.0,10.01,175.82,4.12
SEG0592,49,76741.84,28.57,173.53,3.75
SEG0593,22,34153.9,4.83,29.63,1.78
SEG0594,59,62094.13,30.39,18.4,4.9
SEG0595,31,30776.36,14.73,52.88,2.14
SEG0596,38,90406.25,28.74,122.31,3.41
SEG0597,34,32384.5,9.77,16.89,2.74
SEG0598,58,88471.57,28.65,76.83,4.91
SEG0599,41,85852.72,21.39,111.34,4.51
SEG0600,56,128284.43,33.11,55.73,3.99
SEG0601,48,69475.59,29.67,114.55,4.31
SEG0602,41,81586.9,28.92,130.55,4.5
SEG0603,18,34393.98,10.09,42.41,1.42
SEG0604,33,81192.03,27.41,141.71,4.2
SEG0605,51,79865.32,23.56,77.06,5.0
SEG0606,33,44884.23,8.1,213.43,2.72
SEG0607,30,31374.43,9.32,64.68,2.45
SEG0608,45,44258.05,1.96,180.8,4.03
SEG0609,38,57977.78,27.36,119.03,4.46
SEG0610,30,43357.77,14.64,179.7,3.12
SEG0611,37,25917.31,10.93,306.56,3.89
SEG0612,28,45229.99,8.26,237.67,4.23
SEG0613,67,94203.13,29.87,62.1,4.99
SEG0614,40,52639.06,8.0,322.27,3.81
SEG0615,31,77518.79,26.81,122.29,4.77
SEG0616,41,64175.22,23.16,149.29,3.59
SEG0617,55,112944.52,26.56,57.89,3.94
SEG0618,23,28990.67,9.05,35.92,2.33
SEG0619,34,33923.4,18.54,38.34,2.3
SEG0620,35,47184.54,7.89,127.18,3.33
SEG0621,48,104727.57,31.8,133.6,4.42
SEG0622,30,28807.25,6.16,47.46,2.45
SEG0623,63,56006.77,31.31,94.95,4.96
SEG0624,22,24459.95,9.82,52.77,2.73
SEG0625,35,58009.6,9.03,249.01,3.92
SEG0626,40,65563.17,28.92,115.39,3.32
SEG0627,43,54377.88,8.84,211.05,3.88
SEG0628,26,52033.21,9.13,246.67,2.73
SEG0629,32,29588.47,7.39,29.54,3.5
SEG0630,57,102333.52,27.79,49.77,5.0
SEG0631,26,64201.54,15.2,182.47,3.29
SEG0632,43,67253.14,34.53,95.7,4.35
SEG0633,24,22892.38,5.48,58.15,2.64
SEG0634,23,57302.36,17.48,200.93,3.2
SEG0635,61,115753.39,35.29,69.77,4.51
SEG0636,24,40489.35,9.44,194.13,3.61
SEG0637,57,99089.67,32.08,87.31,5.0
SEG0638,43,75132.03,25.86,107.58,4.69
SEG0639,31,50503.74,8.7,235.01,3.62
SEG0640,33,67395.52,8.3,207.84,4.31
SEG0641,38,103199.72,18.02,118.51,3.45
SEG0642,26,56238.7,9.14,190.56,4.24
SEG0643,50,77275.75,18.77,157.42,3.98
SEG0644,60,112071.5,30.4,96.1,4.53
SEG0645,37,59068.35,11.65,304.42,3.13
SEG0646,51,92330.59,44.17,97.28,4.45
SEG0647,32,51858.5,9.09,251.03,3.81
SEG0648,65,133330.53,31.47,71.47,4.54
SEG0649,41,83179.79,28.54,179.37,3.88
SEG0650,36,44131.4,9.62,349.35,3.44
SEG0651,58,66249.19,24.16,120.2,4.28
SEG0652,33,59150.73,1.0,172.58,4.35
SEG0653,20,29945.83,12.45,44.55,2.12
SEG0654,37,59823.46,5.61,239.72,3.89
SEG0655,49,83195.75,32.84,131.35,3.76
SEG0656,57,119380.79,28.43,38.01,4.91
SEG0657,55,137656.77,33.07,95.41,4.48
SEG0658,38,55477.43,13.52,229.26,3.26
SEG0659,34,27886.17,6.73,44.56,2.35
SEG0660,34,45748.08,12.48,273.51,3.87
SEG0661,38,34702.29,8.47,261.52,4.1
SEG0662,42,96301.28,27.23,56.13,4.16
SEG0663,29,46270.49,12.21,234.4,3.27
SEG0664,54,105727.17,31.26,86.49,4.33
SEG0665,26,25551.32,7.79,66.56,2.17
SEG0666,40,66430.01,25.27,127.93,4.75
SEG0667,56,100014.54,24.5,60.73,5.0
SEG0668,38,88777.22,22.3,125.05,4.97
SEG0669,62,63563.85,44.89,57.86,5.0
SEG0670,31,40498.35,6.2,188.38,3.25
SEG0671,43,84711.71,31.68,136.13,4.23
SEG0672,54,93056.01,29.98,52.34,5.0
SEG0673,29,33468.95,14.87,19.44,3.51
SEG0674,38,65597.85,23.83,158.15,5.0
SEG0675,38,29224.11,2.81,40.9,2.21
SEG0676,48,108281.53,32.02,83.26,5.0
SEG0677,32,31629.12,16.56,40.15,2.21
SEG0678,27,35098.83,12.73,41.63,2.36
SEG0679,36,24467.9,20.99,42.02,2.41
SEG0680,36,56979.46,5.38,236.38,3.08
SEG0681,24,22756.45,10.56,43.25,1.59
SEG0682,39,77596.36,29.44,93.34,4.06
SEG0683,27,58787.55,5.33,245.11,3.34
SEG0684,24,51345.18,3.26,274.18,4.32
SEG0685,38,46003.86,8.09,234.04,3.99
SEG0686,33,55820.44,1.28,231.7,3.11
SEG0687,34,42282.93,9.65,250.88,3.4
SEG0688,53,108123.7,38.23,106.71,4.88
SEG0689,36,39689.54,13.26,107.57,4.04
SEG0690,34,29236.96,9.35,212.43,3.3
SEG0691,41,77733.52,25.91,87.8,4.38
SEG0692,56,125992.37,35.44,91.05,5.0
SEG0693,62,95419.63,21.77,78.97,5.0
SEG0694,39,47249.49,8.24,193.1,3.64
SEG0695,40,98208.73,26.48,137.37,3.83
SEG0696,25,25343.99,15.67,39.92,2.57
SEG0697,49,76268.99,31.0,69.86,4.81
SEG0698,40,20380.51,13.91,49.93,2.22
SEG0699,40,93725.8,25.75,120.79,3.73
SEG0700,38,60922.94,29.54,107.57,3.66
SEG0701,44,66540.16,32.19,131.18,4.29
SEG0702,44,86015.75,28.84,130.84,3.74
SEG0703,33,52555.34,1.47,118.13,2.95
SEG0704,18,29197.96,6.91,45.88,2.82
SEG0705,30,34502.42,13.78,41.77,1.33
SEG0706,24,56664.96,8.78,253.64,4.78
SEG0707,35,51106.07,9.38,162.39,3.84
SEG0708,33,67750.65,1.6,220.22,3.22
SEG0709,52,108983.71,30.73,96.95,4.46
SEG0710,26,43604.34,4.6,37.24,1.11
SEG0711,40,87698.44,27.64,134.12,3.81
SEG0712,42,72418.28,25.98,134.98,4.04
SEG0713,28,31436.66,7.3,45.79,1.93
SEG0714,59,78406.08,31.9,82.68,4.28
SEG0715,34,42300.37,7.4,43.57,3.05
SEG0716,32,78468.77,24.79,155.75,4.09
SEG0717,31,27258.57,13.81,33.9,2.89
SEG0718,43,44943.7,26.25,147.36,3.65
SEG0719,29,52831.43,5.95,235.95,3.41
SEG0720,26,73793.62,6.64,226.01,4.3
SEG0721,39,57124.68,12.23,246.69,3.75
SEG0722,31,31028.02,14.3,51.68,1.47
SEG0723,33,27429.79,10.97,28.44,2.24
SEG0724,32,57023.16,5.65,115.17,3.28
SEG0725,26,35646.49,10.59,37.41,2.62
SEG0726,54,94431.66,18.36,200.79,4.73
SEG0727,68,71189.48,30.34,84.71,4.2
SEG0728,46,100930.98,24.67,178.72,4.52
SEG0729,32,65800.58,30.43,100.48,4.69
SEG0730,62,103512.05,29.69,79.97,5.0
SEG0731,56,108762.43,40.03,79.33,4.48
SEG0732,25,19997.78,5.15,48.35,2.94
SEG0733,55,114880.91,35.58,62.28,4.43
SEG0734,35,88445.0,26.01,155.39,4.17
SEG0735,28,59298.46,1.0,203.68,3.15
SEG0736,52,102566.66,27.69,113.45,4.97
SEG0737,54,73585.05,24.05,76.69,3.93
SEG0738,43,46567.02,2.85,274.0,3.89
SEG0739,53,54138.77,18.36,174.64,2.94
SEG0740,36,78776.77,20.68,136.04,3.68
SEG0741,36,36134.57,11.1,41.49,2.03
SEG0742,27,24904.52,17.67,48.16,2.11
SEG0743,52,77351.87,31.6,169.14,4.4
SEG0744,35,69849.77,40.36,114.24,4.08
SEG0745,31,43205.2,10.82,155.2,3.13
SEG0746,36,49654.35,8.65,218.5,2.97
SEG0747,37,38583.76,6.18,49.72,2.28
SEG0748,35,36947.51,15.02,35.62,1.89
SEG0749,18,47409.08,13.62,57.33,1.85
SEG0750,47,53828.11,27.82,130.59,4.07
SEG0751,40,94508.03,23.91,168.71,4.18
SEG0752,30,35169.6,11.84,47.26,3.47
SEG0753,35,17273.53,9.17,59.71,2.13
SEG0754,28,32456.98,16.37,34.64,2.09
SEG0755,46,82839.62,28.09,139.22,4.15
SEG0756,61,101622.48,31.0,73.95,4.46
SEG0757,54,107835.67,26.77,86.37,4.58
SEG0758,42,75511.3,28.01,172.33,5.0
SEG0759,40,52735.03,11.2,122.14,3.77
SEG0760,36,37541.52,5.68,233.44,3.67
SEG0761,49,101442.62,25.4,97.45,4.57
SEG0762,66,120359.26,33.88,108.0,4.58
SEG0763,53,61710.26,16.94,96.34,3.94
SEG0764,43,64905.68,26.51,148.5,4.36
SEG0765,57,119214.28,28.8,71.02,4.45
SEG0766,47,72026.21,27.6,153.35,3.97
SEG0767,33,74837.83,22.82,111.63,3.09
SEG0768,48,112111.62,28.25,94.07,4.38
SEG0769,46,74445.01,28.6,122.75,4.3
SEG0770,65,106309.48,29.25,44.09,4.65
SEG0771,31,32886.91,6.49,46.5,2.8
SEG0772,42,49884.98,17.83,290.34,3.58
SEG0773,30,40000.21,6.15,37.06,1.92
SEG0774,32,43950.24,6.58,218.32,2.88
SEG0775,36,38865.29,8.16,59.67,2.67
SEG0776,41,39302.86,6.65,250.41,3.43
SEG0777,33,50964.12,9.49,225.39,4.2
SEG0778,37,79327.07,28.82,94.43,4.05
SEG0779,59,124511.01,32.55,87.51,5.0
SEG0780,41,99417.93,30.26,99.8,5.0
SEG0781,39,56863.73,8.42,260.44,3.49
SEG0782,42,41993.99,12.15,202.44,3.81
SEG0783,19,33553.45,9.4,44.55,1.7
SEG0784,43,79820.82,18.87,97.09,4.27
SEG0785,30,31708.45,10.18,45.27,2.25
SEG0786,42,58321.84,23.66,128.79,4.76
SEG0787,27,43873.9,17.72,45.69,2.31
SEG0788,57,88473.84,27.75,109.37,4.01
SEG0789,28,65927.63,10.01,204.98,3.29
SEG0790,22,31597.74,10.68,22.47,2.07
SEG0791,24,38252.39,7.78,27.24,2.0
SEG0792,44,48510.8,3.85,139.0,3.51
SEG0793,29,34540.77,20.91,32.76,2.33
SEG0794,45,71856.46,17.74,144.62,3.92
SEG0795,52,82239.45,38.2,96.43,4.21
SEG0796,33,90613.03,34.23,196.71,3.56
SEG0797,36,31969.13,2.28,36.49,2.15
SEG0798,37,39205.71,11.78,243.01,3.96
SEG0799,30,55711.36,3.86,252.75,3.39
SEG0800,33,51693.71,1.03,277.59,3.54
SEG0801,41,62484.53,4.75,206.94,2.8
SEG0802,41,55038.41,8.8,206.64,3.06
SEG0803,51,106156.94,31.29,125.21,4.38
SEG0804,49,79321.08,33.78,165.7,5.0
SEG0805,35,29397.23,8.29,201.63,3.58
SEG0806,39,28878.98,6.67,38.6,3.47
SEG0807,31,54428.44,15.39,252.12,2.49
SEG0808,55,86484.34,25.03,67.14,3.48
SEG0809,45,78104.5,23.17,78.25,4.83
SEG0810,25,38322.06,9.5,59.45,2.76
SEG0811,35,44140.44,13.2,210.06,3.13
SEG0812,57,97185.67,35.5,43.95,5.0
SEG0813,31,31908.45,11.78,29.84,2.56
SEG0814,38,49242.75,10.09,258.39,3.17
SEG0815,35,31652.93,17.63,57.96,2.68
SEG0816,53,96032.61,36.03,65.77,4.9
SEG0817,31,31352.22,6.71,60.82,2.71
SEG0818,32,44603.93,11.59,216.64,3.94
SEG0819,28,54832.41,6.08,304.29,3.67
SEG0820,37,91126.89,30.94,120.36,3.84
SEG0821,45,117417.87,24.99,74.2,3.92
SEG0822,69,121541.54,33.2,92.29,4.64
SEG0823,38,54462.65,29.17,101.13,5.0
SEG0824,36,92209.49,31.1,91.68,4.0
SEG0825,33,84597.16,7.02,164.91,3.72
SEG0826,37,77135.92,24.18,144.82,3.95
SEG0827,39,93149.75,27.16,130.81,3.33
SEG0828,32,29288.97,11.11,26.74,2.62
SEG0829,29,30677.85,6.46,56.54,2.16
SEG0830,39,61801.4,4.67,256.21,3.31
SEG0831,47,64860.02,25.54,132.2,4.19
SEG0832,30,27341.38,7.79,52.07,2.31
SEG0833,55,83150.27,30.16,58.05,5.0
SEG0834,40,62785.26,25.19,90.06,3.81
SEG0835,36,25732.36,9.43,66.84,2.61
SEG0836,40,50093.14,26.67,108.04,4.45
SEG0837,54,102889.16,37.79,86.08,4.11
SEG0838,59,114995.79,25.92,102.84,4.76
SEG0839,46,73172.64,26.19,104.42,4.9
SEG0840,45,72092.79,1.0,235.95,3.69
SEG0841,39,83234.32,20.25,172.09,3.51
SEG0842,36,59386.83,5.6,286.43,2.68
SEG0843,43,54319.63,22.91,115.88,3.95
SEG0844,36,25247.01,3.78,40.73,2.55
SEG0845,61,118353.39,23.4,102.86,4.33
SEG0846,32,52216.87,1.0,199.07,3.95
SEG0847,47,70973.66,26.85,143.2,4.08
SEG0848,37,44507.83,4.22,205.63,2.41
SEG0849,47,79167.36,25.11,152.78,4.37
SEG0850,64,125868.4,33.32,63.12,5.0
SEG0851,24,27609.41,8.83,56.47,2.84
SEG0852,33,32707.85,12.28,50.95,2.19
SEG0853,38,51963.17,6.38,202.72,3.25
SEG0854,26,31953.28,12.66,59.94,2.76
SEG0855,29,20479.26,19.68,37.99,2.2
SEG0856,36,25657.03,11.49,40.42,2.39
SEG0857,34,40827.45,7.51,269.66,3.47
SEG0858,75,99616.03,27.21,66.39,3.83
SEG0859,40,67027.15,11.37,179.34,3.11
SEG0860,38,47123.97,4.56,172.93,4.34
SEG0861,55,112670.95,34.2,61.0,4.72
SEG0862,52,123541.75,28.36,81.03,4.48
SEG0863,37,93125.48,23.92,77.67,4.39
SEG0864,24,32907.77,13.42,48.53,2.9
SEG0865,26,63217.59,6.81,150.95,2.4
SEG0866,56,84131.35,28.92,80.52,5.0
SEG0867,53,99623.44,29.73,58.72,4.24
SEG0868,38,32076.45,9.24,38.22,2.53
SEG0869,54,132045.87,33.01,77.3,4.75
SEG0870,36,31872.87,8.09,46.59,2.86
SEG0871,41,54012.5,8.92,268.05,2.27
SEG0872,59,87690.68,32.23,80.87,5.0
SEG0873,35,67901.5,22.44,112.64,3.58
SEG0874,47,60150.09,4.9,220.75,3.3
SEG0875,29,27577.85,3.91,39.33,3.12
SEG0876,49,117353.29,34.24,68.41,5.0
SEG0877,29,19688.31,8.38,41.29,3.15
SEG0878,32,50026.33,3.36,216.94,2.97
SEG0879,35,29577.71,5.23,57.13,1.91
SEG0880,30,23433.24,11.17,55.57,2.21
SEG0881,21,25383.64,9.78,64.09,2.98
SEG0882,35,25837.29,14.39,54.77,2.64
SEG0883,24,37599.82,7.29,51.51,2.33
SEG0884,22,29665.73,17.87,33.46,2.95
SEG0885,63,94747.47,29.79,54.4,5.0
SEG0886,21,15939.07,11.23,31.63,2.45
SEG0887,26,46558.86,8.28,233.14,4.1
SEG0888,34,53003.15,7.04,264.72,2.99
SEG0889,55,97977.42,28.38,98.03,4.84
SEG0890,36,83733.09,31.24,109.42,4.81
SEG0891,30,33161.7,14.79,47.02,2.68
SEG0892,29,21898.16,11.65,47.5,2.33
SEG0893,18,35583.16,6.56,33.85,1.95
SEG0894,31,84482.41,35.42,113.41,4.57
SEG0895,33,54580.94,7.73,257.86,2.96
SEG0896,35,62621.88,10.8,235.8,3.54
SEG0897,56,91777.75,25.79,83.3,5.0
SEG0898,60,98293.22,34.4,40.05,4.47
SEG0899,28,22169.01,10.64,26.68,2.81
SEG0900,35,50213.58,11.05,227.12,3.71
