area_sqft,bedrooms,bathrooms,age_years,distance_to_city_km,school_rating,neighborhood,garage_spaces,price
769.0,1,1,30,7.1,6.4,Urban,0,367007.0
1072.0,2,2,19,3.3,7.7,Rural,0,448348.0
1030.0,1,1,57,11.4,9.3,Suburban,2,377895.0
1951.0,2,2,44,5.1,6.3,Suburban,2,622276.0
2013.0,4,3,34,5.1,6.1,Urban,0,782718.0
3270.0,6,5,15,5.8,6.5,Rural,1,1146158.0
1745.0,4,3,9,2.5,7.1,Urban,1,778953.0
2264.0,4,3,17,20.1,7.9,Urban,1,830256.0
1897.0,3,2,49,10.9,7.0,Urban,2,783728.0
2213.0,3,3,3,3.1,10.0,Suburban,1,958728.0
1886.0,3,1,5,16.3,7.6,Urban,0,695637.0
2460.0,4,4,79,4.5,8.2,Urban,2,944395.0
1168.0,3,3,21,5.1,6.9,Suburban,2,529311.0
500.0,1,2,9,4.5,8.5,Suburban,0,407196.0
2050.0,3,3,77,14.5,6.7,Urban,2,715042.0
717.0,1,2,33,13.0,6.0,Suburban,2,348357.0
2587.0,4,3,0,5.9,8.4,Urban,2,1045072.0
1471.0,2,3,33,6.3,6.9,Urban,2,666086.0
1177.0,3,2,1,10.6,7.4,Urban,0,536161.0
3420.0,5,3,24,10.5,8.5,Rural,1,1175554.0
1789.0,4,4,75,6.5,7.2,Suburban,0,717710.0
1674.0,3,3,63,6.7,6.8,Urban,0,637130.0
2249.0,3,2,33,11.0,6.2,Urban,2,733867.0
2289.0,4,3,27,1.8,8.6,Urban,0,811878.0
2483.0,3,3,46,8.5,6.5,Suburban,0,907387.0
1000.0,1,1,50,8.2,6.9,Suburban,2,409181.0
2122.0,3,2,60,14.6,7.4,Urban,1,762558.0
1624.0,2,3,43,9.0,7.4,Rural,0,526213.0
1247.0,1,2,6,9.6,8.5,Urban,0,577079.0
1829.0,3,3,69,4.1,6.9,Urban,0,684287.0
713.0,1,1,26,4.3,9.1,Urban,2,487645.0
2354.0,3,3,65,8.4,6.6,Urban,2,838991.0
1626.0,2,2,64,1.1,7.6,Suburban,1,571328.0
1513.0,3,2,17,5.3,6.7,Suburban,2,617454.0
1717.0,3,1,41,2.7,10.0,Suburban,1,687891.0
1699.0,3,3,60,4.5,6.5,Urban,1,608694.0
2484.0,4,4,28,1.4,6.6,Urban,0,926722.0
1143.0,2,2,63,2.9,7.2,Urban,0,502548.0
1571.0,3,3,41,13.6,6.6,Suburban,0,605822.0
1670.0,3,3,73,2.7,7.5,Urban,1,752518.0
1161.0,3,3,71,3.5,8.8,Urban,0,547284.0
1896.0,3,3,77,4.8,7.2,Rural,2,652173.0
1366.0,2,2,17,9.7,7.3,Suburban,2,510671.0
957.0,2,2,58,5.8,6.7,Urban,0,466858.0
2116.0,3,2,60,1.8,6.2,Suburban,0,670469.0
2728.0,4,3,35,1.2,7.1,Urban,0,979745.0
1829.0,2,2,13,5.3,7.0,Suburban,1,730530.0
1738.0,3,2,23,5.7,8.8,Rural,2,711009.0
1725.0,2,2,41,11.5,5.6,Urban,1,565718.0
1490.0,2,2,69,3.0,9.2,Rural,2,598113.0
2502.0,4,3,73,15.6,6.8,Urban,0,808298.0
1856.0,3,3,73,1.8,7.2,Urban,1,786082.0
500.0,1,1,75,1.9,5.4,Suburban,1,316778.0
2519.0,5,4,7,5.2,7.8,Suburban,2,1089030.0
2372.0,4,4,79,11.3,5.6,Urban,1,751151.0
2161.0,3,2,44,7.6,7.6,Urban,1,814351.0
500.0,1,1,7,2.9,7.4,Urban,2,365305.0
1798.0,3,3,10,20.7,6.5,Urban,2,785865.0
2336.0,4,3,20,7.4,3.9,Urban,2,943730.0
2028.0,3,3,20,7.9,10.0,Urban,0,890603.0
1923.0,4,4,8,10.6,5.4,Rural,0,696116.0
2337.0,4,3,30,8.0,7.4,Suburban,1,882837.0
1884.0,2,2,43,4.6,5.9,Rural,1,593250.0
2522.0,4,4,24,17.0,8.6,Urban,2,970097.0
1897.0,3,3,53,14.7,6.4,Urban,1,691701.0
1849.0,3,3,57,18.8,5.9,Suburban,1,520585.0
2335.0,3,2,31,,7.9,Suburban,0,780919.0
1561.0,2,3,6,16.6,5.1,Suburban,1,701742.0
1142.0,1,1,24,2.8,6.4,Urban,1,525210.0
1802.0,3,3,49,6.6,8.0,Suburban,2,726685.0
2154.0,4,3,31,10.4,9.3,Suburban,0,814172.0
2355.0,3,3,46,2.3,5.6,Urban,1,840431.0
2359.0,3,2,67,18.0,6.1,Suburban,1,697914.0
1759.0,3,2,62,4.6,7.5,Urban,0,653038.0
1697.0,2,2,49,15.1,4.0,Urban,2,485632.0
1445.0,2,2,7,2.5,9.0,Rural,1,662816.0
1950.0,2,2,59,6.5,5.5,Suburban,0,694955.0
815.0,1,2,26,4.0,6.3,Urban,2,433900.0
1814.0,3,2,33,4.0,7.4,Urban,0,709946.0
3510.0,6,5,55,2.7,7.1,Urban,1,1311690.0
898.0,1,1,66,2.6,5.6,Rural,2,294293.0
1894.0,3,3,56,3.0,9.6,Suburban,1,772009.0
2027.0,3,2,24,2.9,3.1,Suburban,0,885901.0
2104.0,2,2,35,13.1,5.3,Rural,0,644106.0
1220.0,2,2,28,14.3,6.0,Urban,0,512110.0
2109.0,4,4,36,2.2,5.6,Rural,0,798538.0
1479.0,1,2,60,5.5,8.8,Suburban,2,617541.0
943.0,3,2,77,12.9,4.5,Suburban,2,335507.0
2371.0,3,2,31,9.6,,Rural,1,720204.0
2199.0,2,2,26,5.2,6.6,Suburban,2,813922.0
1220.0,2,2,70,4.1,5.0,Urban,1,527855.0
1474.0,3,3,12,2.2,3.8,Urban,1,663170.0
1452.0,2,2,31,17.4,6.7,Urban,2,662313.0
814.0,1,1,76,7.9,5.9,Urban,1,408117.0
2257.0,5,4,70,7.0,7.4,Urban,1,902253.0
2280.0,4,3,64,3.3,6.3,Suburban,0,769550.0
1600.0,4,3,71,6.2,8.4,Urban,1,594317.0
1783.0,4,3,18,13.1,6.8,Rural,1,659933.0
1869.0,3,3,4,2.0,6.4,Urban,0,721714.0
1947.0,3,3,68,3.3,8.5,Urban,1,664018.0
991.0,1,1,39,2.4,7.3,Urban,2,534210.0
2093.0,3,2,20,15.2,8.2,Rural,1,757609.0
1095.0,2,2,38,1.9,8.7,Urban,1,493538.0
2209.0,3,2,66,7.7,6.6,Urban,0,730082.0
1161.0,1,1,39,2.4,7.1,Urban,2,539633.0
1020.0,2,2,50,7.2,8.3,Urban,0,483999.0
1783.0,3,3,41,2.3,3.3,Rural,2,567023.0
1770.0,2,1,38,4.3,6.8,Suburban,2,710494.0
1862.0,3,3,76,16.7,6.7,Urban,0,569461.0
1264.0,3,3,74,8.7,7.6,Urban,1,473742.0
1922.0,4,3,33,6.9,,Urban,1,714673.0
1978.0,3,3,64,8.3,8.6,Suburban,2,761475.0
2499.0,4,3,57,17.6,5.9,Suburban,0,758488.0
1911.0,3,3,10,7.2,6.3,Suburban,2,739337.0
1440.0,2,2,67,12.5,6.0,Urban,0,533884.0
992.0,1,1,56,12.8,8.8,Urban,2,469080.0
882.0,1,1,68,11.7,3.9,Suburban,2,194280.0
1994.0,3,3,63,25.1,9.7,Suburban,0,671410.0
2276.0,4,3,74,9.8,9.2,Suburban,0,833820.0
1266.0,2,2,43,12.0,6.2,Suburban,0,464279.0
1953.0,3,2,4,4.4,8.5,Suburban,2,804102.0
1695.0,3,2,22,6.5,7.2,Rural,1,719412.0
2231.0,3,2,11,6.3,9.5,Urban,1,866026.0
2320.0,3,3,18,3.3,8.4,Rural,1,839820.0
500.0,1,1,45,3.6,10.0,Suburban,1,374125.0
2419.0,3,3,77,6.3,,Suburban,0,739979.0
1951.0,2,2,61,7.5,7.3,Suburban,1,647694.0
1481.0,3,2,34,17.2,4.4,Urban,1,561677.0
1498.0,2,2,39,3.3,6.2,Suburban,1,660135.0
1819.0,2,2,41,3.1,10.0,Suburban,0,740573.0
1498.0,2,2,32,2.1,7.7,Rural,2,597281.0
1238.0,1,1,47,10.7,8.5,Suburban,0,416492.0
1375.0,3,3,75,19.7,7.8,Rural,2,436832.0
1176.0,2,1,8,6.0,7.7,Urban,2,643849.0
2608.0,5,4,28,7.7,6.2,Rural,2,852331.0
1834.0,2,2,6,6.1,5.9,Suburban,1,808401.0
3152.0,5,3,68,10.1,,Suburban,0,963701.0
2023.0,3,2,15,2.8,2.9,Suburban,0,638745.0
2153.0,3,2,52,8.7,6.9,Rural,1,689864.0
1163.0,3,4,5,6.1,7.4,Urban,0,623233.0
1669.0,2,2,38,11.0,6.1,Urban,2,630908.0
1844.0,3,3,71,10.7,6.8,Rural,2,544842.0
1418.0,2,2,76,8.1,7.8,Urban,2,563182.0
1521.0,2,2,11,5.4,8.3,Suburban,2,581043.0
2052.0,2,1,52,3.4,5.2,Suburban,1,631027.0
2064.0,3,2,18,10.6,5.8,Suburban,0,677122.0
998.0,2,2,58,6.7,8.1,Rural,0,372431.0
1970.0,4,3,42,6.6,7.9,Urban,1,773818.0
2132.0,3,3,63,4.8,9.0,Suburban,0,767081.0
1446.0,2,2,71,15.5,9.0,Suburban,1,554074.0
1385.0,2,2,28,16.0,10.0,Suburban,2,611647.0
2065.0,3,2,3,5.1,6.6,Urban,0,872907.0
500.0,1,1,25,3.8,9.4,Urban,1,396141.0
1801.0,1,1,17,5.4,5.6,Suburban,1,644946.0
2781.0,4,3,9,4.0,10.0,Urban,0,1092633.0
500.0,1,1,57,8.6,7.7,Suburban,0,316543.0
2294.0,3,2,72,6.5,7.8,Urban,2,778512.0
2127.0,4,4,41,10.2,8.5,Rural,0,798110.0
937.0,2,3,42,5.2,5.0,Rural,0,350424.0
2112.0,3,3,47,26.3,5.4,Suburban,1,619266.0
2401.0,3,2,71,2.2,7.2,Rural,0,713601.0
1094.0,2,2,1,6.4,7.5,Rural,0,515527.0
1376.0,2,2,42,23.1,10.0,Suburban,0,455765.0
1816.0,3,3,69,10.3,5.6,Suburban,1,577348.0
2387.0,4,3,12,5.8,9.3,Suburban,0,891088.0
1475.0,3,2,46,8.3,6.6,Suburban,0,559300.0
1775.0,3,3,0,2.6,6.6,Suburban,1,723941.0
1401.0,2,2,66,6.7,6.8,Suburban,1,530513.0
1815.0,3,2,52,2.5,6.5,Suburban,2,671967.0
2428.0,3,3,77,1.5,7.7,,2,913354.0
1864.0,2,2,23,14.9,6.4,Suburban,1,650608.0
1586.0,2,2,58,4.1,4.9,Rural,1,590692.0
1780.0,2,2,61,2.4,6.6,Urban,1,678491.0
1320.0,2,2,2,5.2,7.7,Urban,1,601863.0
1203.0,2,2,60,9.9,4.9,Rural,0,365499.0
2522.0,4,4,56,2.5,7.9,Urban,1,962814.0
2783.0,4,3,49,4.6,8.8,Suburban,2,948078.0
725.0,2,3,45,10.7,9.2,Suburban,2,521666.0
2149.0,4,4,64,6.9,7.5,Suburban,0,765126.0
2315.0,4,3,8,15.1,4.3,Urban,2,832463.0
1073.0,2,2,31,10.8,,Urban,0,524452.0
1517.0,3,2,21,,8.5,Suburban,0,587914.0
1454.0,2,3,67,10.6,6.0,Urban,0,591143.0
2941.0,4,3,13,2.1,6.9,Suburban,0,1062920.0
2791.0,4,4,4,6.3,7.7,Rural,0,986895.0
1247.0,2,2,73,21.1,9.7,Suburban,1,476237.0
924.0,2,2,31,4.9,6.6,Urban,2,499906.0
2264.0,4,3,63,6.4,8.3,Suburban,2,762992.0
2126.0,3,2,18,4.2,7.5,Urban,2,844165.0
2546.0,3,3,56,4.2,7.3,Suburban,0,827362.0
1165.0,1,2,74,11.6,9.0,Suburban,2,369984.0
2234.0,4,3,61,20.5,5.8,Rural,1,610691.0
1361.0,2,3,23,16.4,7.3,Suburban,0,490711.0
2174.0,2,2,48,1.4,7.0,Urban,1,749142.0
1778.0,3,2,66,6.1,4.7,Urban,2,713503.0
2940.0,4,3,68,4.9,8.8,Suburban,1,1002924.0
2068.0,2,3,23,2.7,8.2,Rural,2,822926.0
1612.0,3,3,18,11.9,7.1,Urban,2,743979.0
1883.0,3,3,34,5.2,6.6,Suburban,1,777100.0
1740.0,4,3,20,3.0,7.0,Urban,1,791384.0
1107.0,2,2,57,8.3,8.1,,2,515766.0
2955.0,5,4,47,2.5,7.1,Suburban,1,987451.0
2759.0,4,3,38,13.6,6.0,Suburban,1,894204.0
1694.0,2,2,64,14.3,6.2,Urban,2,557186.0
2220.0,3,3,17,10.5,7.0,Rural,0,808139.0
3031.0,5,5,66,9.0,5.6,Suburban,2,1040866.0
2542.0,4,3,45,6.1,7.5,Urban,2,1005023.0
1616.0,2,1,78,8.0,5.8,Suburban,1,441157.0
1747.0,2,3,47,6.0,5.6,Urban,0,635260.0
769.0,1,2,60,2.0,10.0,Suburban,1,353090.0
2265.0,4,3,15,10.1,,Suburban,2,926012.0
2546.0,3,3,18,15.6,7.2,,2,866444.0
2550.0,4,3,44,4.2,8.3,Urban,0,975714.0
2221.0,4,3,18,11.3,8.5,Rural,2,824535.0
2011.0,3,2,3,6.5,6.9,Rural,0,619370.0
1201.0,2,1,35,4.5,7.4,Suburban,1,438204.0
1992.0,4,3,21,1.1,6.6,Suburban,1,814587.0
1421.0,2,2,52,10.3,8.9,Urban,1,620974.0
2115.0,2,2,46,9.0,8.9,Urban,1,678978.0
1342.0,1,1,41,3.0,9.3,Rural,0,489932.0
2111.0,2,2,66,5.4,7.4,Suburban,1,655573.0
2594.0,5,4,5,6.5,10.0,Urban,2,1054563.0
2026.0,4,3,62,8.2,6.9,Suburban,2,715733.0
1997.0,4,3,38,12.8,10.0,Urban,1,829837.0
2348.0,4,4,55,5.8,6.3,Urban,1,850847.0
2862.0,4,3,65,1.7,5.1,Rural,0,770865.0
1736.0,2,2,24,,10.0,Urban,1,755512.0
2113.0,3,3,19,4.9,8.0,Urban,1,852120.0
2707.0,4,4,60,3.7,7.8,Suburban,1,910167.0
2202.0,4,4,50,11.5,6.5,Urban,2,834419.0
599.0,2,2,14,3.4,5.7,Urban,0,414975.0
1371.0,2,1,21,2.3,5.9,Suburban,0,544767.0
2251.0,2,2,68,4.6,7.2,Urban,2,777794.0
1560.0,2,2,44,6.4,6.8,Urban,1,637947.0
2664.0,5,4,72,7.0,4.1,Suburban,0,850363.0
2915.0,5,4,56,13.8,9.5,Rural,2,1013969.0
1446.0,2,2,16,4.0,6.4,Rural,0,620040.0
1180.0,2,2,16,10.4,8.9,Urban,2,613104.0
1583.0,2,3,77,4.6,5.9,Suburban,1,539988.0
1549.0,2,3,59,1.3,7.2,Suburban,1,557968.0
2722.0,5,5,47,13.0,8.5,Urban,0,1038407.0
1179.0,3,3,54,2.0,8.3,Urban,0,555917.0
2245.0,3,2,33,7.7,6.6,Suburban,2,900020.0
2633.0,3,3,25,2.2,7.8,Urban,1,1115214.0
2292.0,4,3,65,8.7,8.0,Rural,1,746716.0
2062.0,3,3,71,2.7,6.8,Urban,0,677674.0
1703.0,3,3,72,1.7,5.3,Urban,1,695309.0
2909.0,5,4,62,5.5,6.1,Rural,1,1029280.0
1653.0,2,2,69,0.9,6.4,Rural,0,474384.0
2369.0,4,3,41,5.9,7.0,Urban,1,979187.0
1705.0,2,2,24,10.4,9.4,Suburban,1,593167.0
695.0,1,1,6,20.9,8.4,Suburban,2,308058.0
1638.0,2,1,24,7.3,5.8,Urban,2,664306.0
1706.0,3,3,35,6.2,9.8,Suburban,1,775490.0
1714.0,1,1,6,13.3,6.9,Suburban,0,589075.0
1404.0,3,3,26,2.5,8.0,Urban,2,739618.0
2175.0,3,2,74,3.4,5.6,Rural,2,725542.0
2242.0,3,2,20,10.2,6.3,Rural,2,806837.0
1617.0,3,3,31,4.5,8.6,Suburban,1,675751.0
1611.0,2,2,51,5.2,5.7,Urban,1,582060.0
1170.0,1,2,70,6.7,7.1,Rural,1,447653.0
1953.0,3,2,73,2.7,7.7,Suburban,0,692389.0
2627.0,4,3,64,1.7,5.5,Urban,2,958448.0
2627.0,3,2,11,3.3,4.3,Suburban,2,873004.0
1441.0,2,2,8,4.9,8.4,Suburban,2,693961.0
2995.0,5,4,59,8.7,10.0,Urban,2,1058058.0
1583.0,3,3,70,6.3,7.7,Urban,0,649443.0
1190.0,1,2,49,10.0,8.0,Rural,1,440010.0
983.0,1,2,73,6.3,5.7,Rural,2,354304.0
1154.0,2,2,53,11.0,9.2,Urban,0,556029.0
2000.0,3,3,28,5.2,6.4,Urban,1,756356.0
1646.0,2,2,67,1.0,8.7,Urban,1,702553.0
1421.0,2,1,60,3.9,7.9,Suburban,0,520933.0
1292.0,2,1,30,6.8,7.9,,0,526094.0
1148.0,1,2,47,9.4,7.9,Suburban,0,398176.0
1266.0,2,3,46,4.2,7.8,Urban,2,713114.0
2409.0,4,3,7,7.3,7.4,Suburban,0,893251.0
2882.0,4,3,22,4.7,8.5,Suburban,0,997309.0
2919.0,5,3,18,3.5,5.9,Suburban,2,994908.0
2212.0,3,2,22,9.4,6.6,Urban,1,867809.0
1505.0,1,1,42,8.2,9.2,Suburban,0,594193.0
1399.0,2,2,41,25.2,7.3,Urban,0,536082.0
2254.0,3,2,68,4.3,6.5,Urban,1,778805.0
1652.0,1,2,0,14.1,8.6,Suburban,1,685284.0
2047.0,4,3,65,2.0,8.3,Suburban,2,759085.0
2958.0,5,4,19,14.1,5.1,Suburban,2,1026384.0
1930.0,3,3,28,6.4,8.1,Urban,0,786675.0
3167.0,5,4,12,,7.2,Suburban,0,1130999.0
1124.0,2,2,1,8.2,8.1,Urban,1,522421.0
2068.0,3,2,9,8.6,7.0,Suburban,0,840873.0
1988.0,4,3,17,13.0,7.7,Urban,1,889618.0
1210.0,2,2,30,3.1,4.3,,0,436955.0
2281.0,3,2,24,2.0,5.7,Rural,1,792412.0
2718.0,4,3,8,8.3,8.1,Urban,0,946826.0
3122.0,6,5,27,7.9,10.0,Rural,2,1151622.0
2047.0,3,2,12,12.9,7.6,Suburban,1,653640.0
660.0,1,1,54,4.5,6.0,Suburban,2,320157.0
2086.0,3,2,53,3.9,7.2,Suburban,0,698275.0
2245.0,4,3,5,8.1,5.7,Urban,2,955836.0
1659.0,2,2,52,6.6,8.9,Urban,1,748389.0
1929.0,3,2,72,9.2,7.1,Urban,1,760675.0
1510.0,2,2,75,3.7,8.6,Suburban,2,642106.0
1720.0,3,3,4,14.0,6.8,,1,739798.0
2410.0,3,3,73,7.8,8.7,Suburban,2,849051.0
2633.0,4,4,32,12.7,4.6,Rural,2,874222.0
1038.0,1,1,69,5.7,7.0,Suburban,0,323539.0
1493.0,3,2,16,3.5,7.8,Urban,0,738858.0
847.0,2,2,55,8.4,6.6,Suburban,2,442215.0
2903.0,4,3,64,10.0,7.5,Urban,2,1023207.0
2322.0,4,3,21,1.7,7.5,Suburban,2,813928.0
599.0,1,1,58,19.8,8.6,Urban,2,342150.0
1761.0,3,2,14,3.8,7.9,Urban,1,816056.0
1630.0,3,2,56,7.1,7.6,Rural,2,587647.0
1346.0,2,2,75,9.6,8.3,Urban,2,536982.0
2422.0,4,4,23,6.6,5.0,Urban,2,879454.0
2408.0,4,4,76,6.9,5.9,Urban,1,789134.0
1962.0,4,4,53,7.0,4.9,Urban,2,791946.0
1415.0,2,2,40,1.2,,Suburban,0,575583.0
1420.0,2,1,26,7.3,7.6,Urban,2,613429.0
1826.0,3,2,43,4.4,9.1,Urban,2,843303.0
1526.0,3,3,78,12.5,7.5,Rural,2,473870.0
1797.0,3,3,0,11.1,6.1,Urban,2,764227.0
2135.0,4,3,69,,7.2,Urban,1,893264.0
880.0,1,1,11,2.0,4.2,Urban,0,425771.0
1345.0,1,1,70,20.3,6.4,Rural,0,326676.0
1780.0,3,2,43,0.6,3.5,Suburban,0,612837.0
2739.0,4,3,71,4.0,7.5,Suburban,2,960429.0
2307.0,3,2,14,2.6,6.6,Suburban,0,734695.0
1798.0,2,2,3,13.8,6.8,Suburban,0,647497.0
2041.0,3,3,38,5.9,5.6,Suburban,1,743452.0
1739.0,3,2,62,3.8,6.0,Rural,1,533737.0
2446.0,4,3,63,6.7,8.0,Suburban,2,883031.0
2060.0,3,2,61,19.2,4.8,Suburban,0,628808.0
2567.0,5,4,64,9.0,7.8,Urban,0,949690.0
987.0,1,1,62,8.9,5.8,Suburban,0,420980.0
1316.0,2,2,68,1.7,4.5,Suburban,1,464399.0
1965.0,4,5,13,12.9,8.8,Urban,1,909822.0
2096.0,4,3,18,3.0,9.0,Urban,2,946126.0
3240.0,6,5,0,8.5,6.2,Urban,0,1194954.0
715.0,1,1,34,,6.2,Urban,1,458178.0
1780.0,3,2,21,,6.6,Suburban,1,704266.0
1753.0,2,3,50,6.4,5.8,Urban,1,623569.0
1943.0,3,3,44,29.0,6.0,Suburban,1,640969.0
2840.0,5,3,46,4.7,7.7,Urban,1,1007655.0
2326.0,3,2,52,7.9,10.0,Suburban,0,788061.0
838.0,1,1,79,5.8,6.5,Urban,0,334085.0
2720.0,5,4,8,2.4,8.5,Urban,0,1125172.0
2704.0,4,3,22,8.5,7.5,Suburban,1,1004778.0
1958.0,3,3,33,11.5,4.5,Urban,2,734862.0
829.0,1,1,5,2.7,7.0,Urban,0,466695.0
1709.0,1,1,65,5.3,6.8,Suburban,0,445887.0
2081.0,3,3,31,6.8,9.2,Rural,2,752387.0
2398.0,3,3,13,10.7,9.3,Suburban,1,853451.0
738.0,1,1,41,11.0,7.6,Suburban,0,345347.0
1339.0,2,3,15,1.6,8.8,Suburban,0,640596.0
2459.0,2,2,30,20.2,6.8,Suburban,2,734222.0
2701.0,4,4,51,9.0,8.7,Suburban,1,960276.0
2058.0,3,2,25,6.5,7.2,Suburban,1,756411.0
2489.0,4,4,66,10.7,8.6,Suburban,0,741454.0
2073.0,3,3,20,15.2,8.8,Suburban,2,848195.0
2378.0,4,4,9,5.7,8.1,Urban,0,1014921.0
1887.0,3,3,34,5.3,5.9,Urban,2,764215.0
2088.0,3,3,15,2.5,6.4,Suburban,2,847125.0
1067.0,2,2,55,5.3,8.1,Suburban,2,486545.0
2233.0,4,3,41,9.4,8.3,Suburban,1,753056.0
1049.0,3,2,11,5.3,7.2,Urban,0,670405.0
2233.0,3,3,26,5.2,6.5,Suburban,1,855283.0
1537.0,2,2,69,17.6,7.3,Rural,1,500207.0
2022.0,4,3,65,7.8,6.6,Urban,2,764291.0
1228.0,2,2,51,7.8,6.6,Suburban,2,560325.0
1498.0,3,3,72,9.5,9.9,Urban,1,590620.0
2021.0,3,3,8,12.0,6.3,Suburban,2,769114.0
2253.0,3,3,58,6.9,7.8,Urban,2,879595.0
2456.0,4,3,1,3.4,7.2,Suburban,2,937679.0
1110.0,2,1,47,8.9,5.2,Urban,1,498268.0
899.0,1,1,4,13.0,5.1,Urban,0,431238.0
1215.0,2,2,27,8.9,6.9,,2,591431.0
1161.0,1,1,7,10.6,4.1,Urban,0,437033.0
2740.0,5,4,20,5.2,9.7,Suburban,1,1079813.0
2604.0,5,4,51,3.8,6.5,Urban,0,1048511.0
1202.0,3,3,62,7.4,6.3,Urban,2,576559.0
2826.0,5,4,75,4.5,8.8,Rural,0,951324.0
2568.0,4,3,79,15.4,6.8,Urban,2,883390.0
822.0,1,1,10,9.1,8.0,Suburban,2,395436.0
1182.0,1,2,73,4.8,6.1,Urban,2,489052.0
804.0,3,2,22,2.9,7.1,Rural,1,432736.0
1748.0,3,2,70,12.7,8.5,Suburban,1,514494.0
1810.0,3,2,69,3.2,5.7,Urban,1,703665.0
1809.0,3,3,73,6.6,7.8,Suburban,2,639333.0
584.0,1,1,40,7.9,3.4,Urban,0,317227.0
944.0,1,1,60,,8.9,Urban,2,448154.0
1956.0,2,2,34,6.0,6.2,Urban,2,840107.0
2173.0,3,3,6,14.0,6.9,Suburban,2,805937.0
588.0,1,1,37,2.1,6.9,Suburban,0,419505.0
1031.0,2,2,16,12.6,5.5,Urban,0,474968.0
2413.0,4,3,8,7.5,5.4,Suburban,0,861572.0
1065.0,2,1,10,4.2,7.8,Urban,1,635917.0
1791.0,3,2,17,2.0,7.9,Suburban,2,716528.0
1008.0,1,1,63,6.1,5.7,Urban,2,432001.0
2299.0,4,3,76,4.3,7.8,Suburban,2,845227.0
590.0,1,1,68,6.0,7.8,Suburban,1,318889.0
1617.0,3,2,51,9.6,6.4,Suburban,0,575871.0
2364.0,4,3,70,1.9,5.1,Suburban,2,810045.0
2166.0,4,4,22,7.2,6.9,Suburban,0,873839.0
1522.0,2,1,72,18.2,7.5,Rural,0,416010.0
1381.0,2,2,75,4.8,6.9,Rural,1,510138.0
1660.0,3,2,11,8.8,6.1,Rural,2,649798.0
1026.0,1,1,31,1.2,,Urban,1,548793.0
1740.0,2,1,22,1.8,8.9,Urban,0,768161.0
1750.0,3,3,11,3.9,5.8,Suburban,0,694949.0
1549.0,2,1,13,14.4,6.6,Urban,2,674124.0
2400.0,4,3,77,4.4,10.0,Suburban,1,852666.0
1158.0,2,1,14,9.0,7.4,Urban,1,490211.0
777.0,1,1,53,4.4,5.1,Suburban,1,317766.0
1485.0,2,2,69,2.5,6.3,Urban,2,570514.0
1874.0,4,4,60,5.5,5.9,Rural,1,690195.0
1736.0,3,3,36,9.5,7.6,Suburban,0,655859.0
1709.0,3,3,1,12.7,7.5,Urban,2,777802.0
1124.0,2,2,33,6.1,6.0,Suburban,0,523370.0
1210.0,2,2,22,8.9,9.8,Suburban,2,659979.0
1507.0,2,2,69,6.8,7.1,Rural,1,512179.0
1460.0,4,4,75,7.3,6.3,Suburban,0,629108.0
2459.0,3,3,18,,5.2,Suburban,0,849325.0
1958.0,2,2,12,3.6,5.7,Urban,0,680640.0
1480.0,2,2,65,2.7,5.1,Suburban,0,462099.0
2457.0,4,3,69,4.6,6.7,Urban,0,847442.0
2068.0,3,3,78,11.6,5.7,Rural,1,652278.0
985.0,1,1,61,16.7,8.2,Suburban,0,333863.0
500.0,1,2,37,11.6,6.1,Suburban,1,352968.0
1004.0,2,2,30,8.7,8.3,Suburban,0,558773.0
2157.0,4,3,4,6.7,7.7,Urban,1,866334.0
2335.0,4,3,70,11.5,8.0,Urban,0,908615.0
804.0,1,1,79,33.2,8.3,Urban,1,181059.0
2195.0,4,4,73,7.7,10.0,Urban,2,968015.0
2172.0,3,3,45,9.4,5.7,Urban,0,768048.0
2637.0,4,3,69,7.8,8.3,Suburban,2,891284.0
2370.0,4,3,0,19.5,7.6,Suburban,0,842682.0
2611.0,4,3,32,6.0,8.6,Suburban,2,928847.0
2093.0,2,2,8,3.6,7.2,Suburban,0,839714.0
2073.0,4,3,46,10.2,8.8,Urban,1,791850.0
1598.0,2,2,0,3.6,5.1,Suburban,1,626673.0
2292.0,4,4,24,8.1,,Urban,2,847600.0
1001.0,1,1,33,6.7,6.1,Rural,1,342363.0
1717.0,3,3,10,8.8,6.9,Suburban,1,681223.0
2124.0,4,3,6,6.9,7.1,Urban,0,832545.0
2645.0,5,3,72,1.5,5.9,Suburban,1,884943.0
1513.0,1,2,21,9.6,5.5,Suburban,0,494169.0
2380.0,3,2,78,8.3,6.0,Urban,0,824327.0
1682.0,2,2,29,13.3,4.4,Urban,0,588868.0
2392.0,5,4,4,3.9,6.6,Urban,2,1034662.0
1319.0,2,2,8,1.3,6.9,Suburban,1,652808.0
2236.0,4,3,55,10.1,7.7,Suburban,1,882037.0
1743.0,3,3,1,9.9,7.3,,1,773983.0
1089.0,1,1,75,9.5,9.7,Urban,0,431861.0
1708.0,2,3,20,0.7,8.2,Urban,2,744983.0
2593.0,4,4,48,21.5,8.1,Urban,1,919936.0
1188.0,3,3,35,0.5,7.5,Urban,1,688349.0
909.0,2,3,3,1.3,7.8,Suburban,0,554512.0
2039.0,4,3,56,2.4,6.7,Urban,0,790108.0
793.0,1,2,1,10.9,7.1,Urban,2,508217.0
2738.0,4,3,63,14.0,9.9,Suburban,1,829121.0
2723.0,5,4,40,7.0,6.9,Urban,1,1021643.0
2423.0,3,3,24,9.7,5.0,Suburban,1,857352.0
1793.0,3,2,75,3.7,8.0,Suburban,2,664296.0
2799.0,4,3,16,3.0,8.3,Suburban,0,1059074.0
2607.0,5,5,22,1.7,7.2,Rural,2,1054762.0
1480.0,3,2,51,9.7,4.2,Suburban,1,501123.0
2663.0,5,5,28,,8.9,Suburban,1,1026266.0
1253.0,2,2,38,2.2,7.3,Suburban,2,574846.0
1682.0,2,2,63,3.5,6.5,Suburban,2,526246.0
724.0,2,2,73,4.5,8.8,Urban,1,421941.0
1888.0,3,3,64,2.5,4.0,Suburban,2,626794.0
1623.0,3,3,6,8.2,7.2,Urban,0,732955.0
1529.0,1,1,75,5.1,6.2,Suburban,0,503536.0
1701.0,2,3,33,14.8,9.2,Urban,0,677765.0
1452.0,4,4,67,3.7,7.4,Rural,0,537955.0
1825.0,3,3,22,11.6,5.7,Suburban,2,716403.0
2570.0,4,3,47,1.8,8.7,Urban,1,1086756.0
1163.0,1,1,77,4.1,3.3,Suburban,2,280065.0
2318.0,3,2,75,7.2,,Suburban,1,762188.0
1929.0,3,2,52,8.3,5.1,Suburban,1,624124.0
2024.0,3,3,49,16.3,6.3,Suburban,2,680419.0
1782.0,4,3,2,8.1,6.6,Urban,1,792960.0
1370.0,3,2,48,8.2,8.4,Rural,1,513709.0
2067.0,3,3,33,3.0,10.0,Rural,0,801083.0
2111.0,3,2,1,3.4,4.3,Rural,2,740014.0
1320.0,2,2,75,4.5,7.7,Suburban,0,396109.0
997.0,1,2,36,6.4,10.0,Urban,1,599833.0
1851.0,2,1,61,5.9,6.1,Rural,2,622571.0
2253.0,4,3,3,8.3,6.0,Urban,1,869245.0
2403.0,4,3,19,15.2,7.4,,0,881212.0
2522.0,3,2,71,6.6,8.2,Suburban,2,887705.0
2023.0,2,1,74,10.6,8.0,Suburban,0,656664.0
1642.0,3,3,0,,6.5,Suburban,2,807393.0
1799.0,2,2,71,16.5,5.8,Suburban,1,560144.0
1054.0,2,2,24,6.4,9.0,Urban,1,610163.0
1390.0,2,2,17,16.4,5.8,Suburban,2,610158.0
1768.0,3,2,79,5.4,4.1,Rural,1,508272.0
1640.0,2,2,42,4.8,4.8,Rural,2,581574.0
1855.0,3,3,63,4.0,6.1,Urban,2,637051.0
975.0,2,2,11,2.7,,Urban,2,544232.0
1109.0,2,2,60,12.2,5.2,Urban,1,471821.0
2265.0,3,2,29,3.5,9.3,Suburban,0,861642.0
1300.0,2,1,57,8.1,9.0,Suburban,0,475193.0
1394.0,3,3,52,2.4,7.3,Suburban,0,566708.0
1857.0,2,2,4,19.4,3.2,Urban,2,644259.0
1241.0,2,2,69,12.4,5.2,Suburban,0,417747.0
2464.0,3,3,23,11.8,6.0,Suburban,0,720567.0
1046.0,2,2,29,7.2,9.6,Suburban,1,552948.0
1801.0,4,4,63,5.9,6.1,Urban,0,723560.0
1351.0,2,2,70,4.3,5.8,Suburban,2,526077.0
1894.0,4,3,71,16.2,7.3,,2,618703.0
1502.0,2,2,36,1.8,,Suburban,1,518874.0
1786.0,3,3,28,9.8,7.0,Suburban,1,649134.0
2533.0,4,4,65,3.6,5.8,Urban,1,982133.0
1388.0,2,2,20,2.4,10.0,Urban,1,665804.0
1383.0,2,2,51,5.0,5.6,Urban,1,603386.0
1610.0,2,2,18,5.1,9.9,Urban,1,687319.0
2684.0,4,4,16,8.4,5.3,Urban,1,991490.0
1746.0,2,1,43,13.2,7.4,Suburban,0,550694.0
2541.0,5,4,69,5.8,7.8,Urban,1,934509.0
1694.0,1,1,23,1.4,7.2,Suburban,0,607666.0
2514.0,4,3,58,3.4,7.1,Urban,2,997010.0
2044.0,2,2,1,5.7,8.3,Urban,2,939266.0
2133.0,4,3,55,4.6,7.6,Urban,0,825817.0
939.0,1,2,31,9.8,6.7,Urban,0,433887.0
850.0,1,2,5,8.2,6.0,Suburban,1,383557.0
2442.0,4,3,44,10.9,6.8,Suburban,0,758167.0
2435.0,2,2,19,0.8,6.7,Suburban,1,924450.0
3253.0,5,4,50,12.5,6.7,Rural,2,961651.0
908.0,2,2,3,1.5,7.1,Urban,0,530465.0
2091.0,4,4,27,9.3,4.9,Suburban,2,809964.0
1186.0,1,1,18,14.5,5.5,Urban,0,344923.0
1356.0,2,2,25,1.1,8.2,Urban,2,619363.0
1499.0,3,3,0,0.7,3.6,Urban,1,643886.0
2029.0,4,3,22,6.0,8.8,Suburban,0,782216.0
1402.0,3,3,7,4.7,6.2,Suburban,1,663130.0
1820.0,4,3,49,2.2,9.5,Urban,0,837511.0
2299.0,3,3,36,0.7,8.8,Urban,1,889199.0
2477.0,4,3,22,12.6,6.5,Rural,2,818790.0
2216.0,3,3,49,2.3,6.7,Suburban,1,793213.0
2071.0,2,2,73,29.1,9.4,Suburban,2,581723.0
1715.0,3,3,43,2.5,8.9,Urban,1,782780.0
1459.0,1,1,22,2.7,8.5,Urban,2,676624.0
2123.0,3,3,32,0.4,8.7,Suburban,1,720814.0
1169.0,1,1,63,2.3,5.4,Urban,1,492484.0
1871.0,3,3,7,3.1,7.3,Suburban,0,775901.0
1155.0,1,1,25,6.1,5.8,Urban,2,535194.0
1775.0,2,1,37,9.3,5.3,Suburban,2,659583.0
1168.0,2,1,50,4.1,7.2,Suburban,2,418279.0
1560.0,2,2,46,9.2,6.4,Urban,2,568464.0
1394.0,2,2,55,17.7,6.8,Urban,1,518348.0
1322.0,1,2,75,5.2,6.2,Urban,2,420254.0
1748.0,3,2,13,4.2,5.1,Suburban,0,657069.0
500.0,1,1,38,2.7,9.5,Rural,2,377051.0
719.0,1,2,30,6.3,7.2,,0,444405.0
2282.0,2,2,7,16.1,4.8,Urban,2,800905.0
1888.0,4,3,10,6.0,7.3,Rural,2,751674.0
1366.0,3,3,50,9.5,9.3,Suburban,2,602067.0
2384.0,5,5,40,6.3,,Suburban,0,909674.0
1416.0,2,2,23,5.9,6.2,Urban,1,632305.0
1452.0,2,1,72,26.0,6.3,Urban,0,350162.0
1330.0,2,1,24,8.1,5.6,Rural,2,551686.0
2944.0,4,4,47,11.6,5.9,Suburban,1,927966.0
1941.0,2,2,79,8.9,6.0,Urban,2,686127.0
1917.0,4,3,56,6.1,4.8,Suburban,2,709685.0
2080.0,3,2,58,0.6,6.3,,0,660995.0
688.0,1,2,22,3.9,7.5,Urban,1,521896.0
1444.0,3,3,73,15.8,6.4,Rural,0,500011.0
2073.0,3,3,37,1.3,7.3,Suburban,2,744596.0
1798.0,2,2,24,3.5,9.4,Urban,1,767770.0
3123.0,4,3,59,3.6,9.8,Urban,0,1089174.0
1479.0,2,2,42,12.1,6.9,Suburban,1,456348.0
2366.0,4,4,10,,8.3,Suburban,1,801053.0
2284.0,4,3,1,1.9,6.8,Urban,0,893220.0
1886.0,4,3,9,5.5,6.3,Suburban,1,718827.0
1995.0,3,3,12,11.9,5.3,Suburban,2,706571.0
1626.0,2,3,17,3.7,7.1,Suburban,1,631392.0
616.0,2,1,27,9.4,8.6,Rural,1,332317.0
2010.0,4,3,18,5.3,5.1,Urban,1,776064.0
2057.0,3,3,72,22.0,6.6,Rural,0,620787.0
2151.0,3,3,76,4.0,6.5,Urban,1,780542.0
1838.0,3,2,77,10.5,7.4,Urban,0,673111.0
2382.0,3,3,12,4.5,7.4,Urban,2,875183.0
1280.0,3,3,42,7.0,7.8,Rural,1,511598.0
2681.0,4,3,8,2.1,9.8,Urban,2,1100785.0
1207.0,2,2,56,9.5,5.7,Urban,0,501902.0
1735.0,2,2,11,13.3,5.6,Urban,2,658417.0
2209.0,4,3,23,1.8,7.4,Suburban,1,844735.0
1491.0,2,2,16,3.4,9.2,Urban,2,707265.0
2249.0,4,3,38,12.5,4.8,Urban,0,774181.0
1594.0,4,3,29,4.8,7.5,Suburban,1,799182.0
1871.0,3,3,43,5.8,6.7,Rural,2,696907.0
1691.0,3,2,15,2.5,8.3,Rural,2,698543.0
1454.0,2,2,40,13.5,7.9,Rural,0,437522.0
3151.0,5,4,7,2.1,7.1,Urban,1,1134929.0
1296.0,2,2,3,5.8,7.7,Urban,0,621185.0
500.0,1,2,10,4.0,6.0,Urban,1,464986.0
1318.0,3,3,21,10.7,8.2,Rural,1,559876.0
1879.0,2,2,63,26.3,9.1,Suburban,0,554953.0
1574.0,3,2,26,1.4,7.2,Suburban,0,617663.0
2411.0,3,3,41,3.7,6.4,Suburban,1,767170.0
2389.0,3,3,54,4.7,6.8,Suburban,1,842058.0
1609.0,3,3,59,2.0,8.2,Suburban,2,671395.0
791.0,1,1,46,6.3,6.9,Urban,2,443024.0
1030.0,1,1,14,11.4,5.2,Suburban,2,443104.0
1781.0,2,2,53,7.5,8.4,Urban,2,662817.0
861.0,1,1,24,9.6,5.5,Urban,0,410916.0
1579.0,2,2,47,3.5,7.6,Urban,2,616250.0
2653.0,4,4,78,9.7,4.2,Rural,1,793669.0
2006.0,3,3,5,7.4,7.2,Rural,1,751468.0
1827.0,2,2,6,2.4,6.9,Suburban,1,800580.0
1176.0,1,1,19,6.5,4.0,Suburban,1,411936.0
1909.0,4,3,35,4.0,7.5,Urban,2,768014.0
1645.0,4,3,38,34.3,5.3,Urban,1,549523.0
1943.0,2,2,23,11.9,7.1,Urban,0,742116.0
2236.0,4,4,72,7.0,6.4,Urban,2,717428.0
2339.0,4,4,0,15.0,4.8,Suburban,1,895534.0
1877.0,2,2,43,9.9,5.4,Urban,1,660101.0
2107.0,3,2,44,2.4,5.6,Rural,2,657587.0
1493.0,1,1,61,18.0,8.5,Suburban,1,460707.0
2480.0,4,3,44,1.9,8.3,Urban,1,919300.0
1268.0,1,1,10,16.5,10.0,Suburban,0,459063.0
1676.0,3,2,25,7.5,6.2,Suburban,0,546425.0
2542.0,5,4,13,6.2,6.2,Suburban,1,998274.0
1511.0,3,3,37,3.5,7.2,Urban,2,685726.0
996.0,1,1,73,7.8,6.5,Urban,2,398566.0
1554.0,2,2,31,9.5,6.1,Suburban,2,639090.0
2635.0,5,4,29,8.9,7.1,Suburban,1,967028.0
500.0,1,1,37,7.4,8.1,Urban,1,292843.0
1861.0,3,3,13,5.6,3.8,Rural,1,695151.0
1420.0,4,4,67,10.2,6.1,Urban,0,672917.0
1699.0,3,2,53,4.7,4.9,Rural,1,584227.0
1591.0,3,3,57,6.0,6.8,Urban,1,624980.0
2376.0,4,3,27,8.5,7.6,Suburban,2,824258.0
1832.0,2,2,22,6.5,8.7,Urban,1,716175.0
2406.0,4,4,37,1.9,6.3,Suburban,0,889934.0
2570.0,3,3,19,7.5,7.2,Rural,1,929603.0
1818.0,4,3,1,7.5,4.5,Urban,2,759692.0
1584.0,2,2,58,7.1,5.7,Urban,1,566468.0
2026.0,4,4,68,5.7,7.3,Rural,1,764704.0
2142.0,4,3,17,5.0,5.0,Rural,1,743700.0
1108.0,1,2,50,6.6,8.9,Suburban,0,548936.0
1942.0,3,2,72,3.5,7.8,Urban,2,735733.0
1648.0,2,2,59,15.7,5.6,Urban,2,637036.0
1548.0,2,2,66,8.6,4.8,Urban,2,587415.0
1385.0,2,2,71,8.0,5.9,Suburban,0,503035.0
1425.0,2,2,20,13.2,5.7,Urban,2,594525.0
2553.0,3,2,5,3.2,5.2,Urban,0,908920.0
1582.0,3,2,64,4.4,4.9,Rural,0,520494.0
2486.0,4,3,63,4.1,6.7,Suburban,2,903326.0
1879.0,3,2,15,8.3,8.1,Suburban,1,762281.0
1120.0,1,1,72,3.1,5.9,Rural,0,262370.0
1914.0,4,3,1,10.8,7.7,Suburban,0,787952.0
1087.0,1,1,30,8.1,6.5,Urban,0,437730.0
2164.0,5,5,76,4.0,7.9,Rural,1,776189.0
1675.0,2,2,28,2.2,5.8,Rural,1,622388.0
2313.0,4,4,60,8.0,7.4,Urban,1,950643.0
2660.0,4,3,3,1.5,7.2,Urban,0,1014449.0
759.0,1,1,39,3.7,9.0,Urban,2,559418.0
1523.0,4,4,62,5.9,7.8,Urban,0,635297.0
1074.0,1,1,67,5.6,7.4,Urban,1,506490.0
3095.0,6,5,34,4.0,4.8,Urban,1,1156012.0
1536.0,2,2,6,10.4,6.2,Suburban,0,606710.0
1011.0,2,2,42,3.3,5.8,Urban,1,566082.0
3144.0,4,4,59,4.0,5.8,Rural,1,950316.0
1364.0,3,3,36,7.0,7.0,Suburban,1,659281.0
827.0,1,1,76,7.0,7.4,Urban,1,363283.0
1105.0,2,1,25,2.5,7.4,Suburban,2,502663.0
1886.0,3,3,65,6.7,8.9,Suburban,0,634202.0
1827.0,3,3,60,4.4,7.7,Suburban,2,786035.0
1298.0,1,1,34,4.2,5.2,Rural,1,491909.0
1509.0,1,1,7,7.8,7.3,Suburban,1,570140.0
1832.0,4,4,27,3.0,7.9,Suburban,0,808429.0
2594.0,4,3,61,5.4,8.9,Suburban,2,930440.0
2000.0,3,2,71,6.2,6.8,Urban,0,679620.0
1462.0,2,1,36,7.9,6.8,Suburban,1,590104.0
1663.0,3,2,23,3.8,8.6,Suburban,1,676762.0
2262.0,3,3,61,9.0,7.3,Rural,0,608720.0
2808.0,5,3,74,10.7,4.6,Suburban,2,893863.0
1137.0,2,1,11,10.5,4.3,Urban,0,482778.0
2468.0,3,3,25,2.4,9.8,Suburban,2,932145.0
1612.0,3,3,63,10.3,4.4,Urban,1,563439.0
825.0,2,1,10,10.6,6.7,Suburban,0,335616.0
707.0,1,1,77,17.7,8.3,Suburban,1,251020.0
2601.0,4,3,18,2.6,4.4,Rural,1,831926.0
2672.0,4,4,38,14.5,5.4,Urban,1,972458.0
1459.0,3,3,41,1.5,5.1,Rural,2,608142.0
1673.0,4,3,29,10.8,9.7,Suburban,1,704236.0
731.0,1,1,10,12.2,10.0,Urban,2,505844.0
2257.0,3,3,2,10.5,5.9,Urban,2,880506.0
1783.0,3,3,30,1.9,7.9,Rural,2,705990.0
869.0,1,1,21,13.9,7.5,Suburban,1,391349.0
1923.0,2,2,72,24.9,6.6,Urban,1,663585.0
966.0,2,3,53,2.9,4.6,Suburban,2,491607.0
2134.0,4,3,7,5.1,10.0,Urban,2,942559.0
1150.0,2,2,60,3.8,4.3,Suburban,1,484197.0
2002.0,3,2,49,9.4,7.3,Urban,2,794680.0
1408.0,2,2,10,4.6,6.0,Urban,1,654414.0
500.0,1,2,32,9.8,8.5,Urban,0,360544.0
2398.0,4,4,58,5.7,8.3,Suburban,0,846142.0
2431.0,4,3,51,7.0,5.5,Urban,0,799122.0
1487.0,2,2,45,6.4,5.8,Suburban,0,548331.0
1965.0,3,3,39,1.5,4.7,Suburban,2,717131.0
2063.0,4,3,55,6.8,7.3,Suburban,0,723855.0
2082.0,4,3,70,1.9,8.1,Rural,2,777351.0
2835.0,5,4,13,2.2,6.3,Suburban,1,1131591.0
2050.0,2,2,32,14.1,6.6,Urban,1,742110.0
1585.0,3,2,67,,9.9,Urban,0,632422.0
2057.0,3,3,40,8.8,8.4,Suburban,1,770262.0
1542.0,2,2,14,6.8,9.0,Suburban,1,715265.0
1161.0,1,1,10,22.2,3.6,Rural,0,336467.0
2532.0,5,4,58,6.7,7.8,Urban,2,984319.0
2120.0,2,2,39,6.0,,Urban,2,810097.0
683.0,2,2,63,5.8,5.1,Suburban,2,285824.0
1390.0,2,3,9,12.7,5.4,Rural,1,551341.0
2255.0,2,2,48,6.5,6.7,Suburban,1,706287.0
862.0,3,3,46,7.8,5.0,Suburban,1,450814.0
1348.0,2,2,36,13.3,5.8,Rural,2,444208.0
3397.0,4,4,34,9.0,6.3,Suburban,1,1132498.0
1601.0,2,2,21,11.3,7.9,Suburban,0,604688.0
2450.0,4,3,62,3.7,5.9,Rural,1,737660.0
2700.0,5,4,26,2.6,6.3,Urban,2,1046193.0
1255.0,2,2,33,15.9,8.5,Urban,2,674116.0
1960.0,1,1,68,11.0,4.4,Rural,1,397819.0
3035.0,6,5,50,9.6,7.3,Suburban,2,1096490.0
2076.0,3,2,3,8.2,7.6,Urban,0,772976.0
3219.0,4,3,4,6.4,7.6,Suburban,0,1160466.0
1418.0,2,2,43,3.8,6.2,Suburban,0,582240.0
2878.0,5,3,56,3.7,5.4,Urban,0,984916.0
1810.0,3,2,37,2.6,9.3,Suburban,0,758766.0
1604.0,2,2,76,2.0,5.7,Urban,0,591184.0
2184.0,3,3,68,3.3,5.3,Urban,1,777655.0
1733.0,2,2,35,4.9,7.0,Urban,0,651616.0
1749.0,3,3,18,15.9,5.9,Suburban,1,643643.0
2091.0,4,3,0,1.9,8.6,Rural,1,826563.0
715.0,1,1,2,7.0,6.6,Suburban,1,405953.0
1321.0,2,3,48,16.8,8.8,Suburban,1,451120.0
2234.0,4,3,26,12.6,7.7,Urban,0,891896.0
2395.0,4,4,11,6.5,6.4,Urban,0,1028702.0
2014.0,3,2,5,3.9,8.7,Suburban,2,812337.0
1966.0,4,3,37,1.2,6.0,Suburban,2,841201.0
2041.0,4,3,46,7.2,6.5,Suburban,1,749119.0
2375.0,3,3,2,10.1,7.8,Suburban,2,877102.0
944.0,1,2,33,4.0,7.3,Urban,0,470176.0
1494.0,3,3,35,13.2,6.0,Rural,0,530451.0
1755.0,3,3,4,6.0,4.7,Suburban,1,677591.0
1917.0,2,2,69,8.0,7.0,Rural,2,632057.0
534.0,1,1,18,6.5,5.9,Urban,2,364046.0
1046.0,2,2,10,13.1,7.0,Urban,1,485220.0
1790.0,2,2,10,13.3,6.4,Suburban,2,672845.0
2408.0,3,3,39,9.2,5.9,Suburban,1,783749.0
1549.0,2,2,56,5.3,6.6,Suburban,0,540525.0
1400.0,2,2,20,6.4,6.9,Urban,1,628403.0
2117.0,4,4,61,22.8,8.0,Suburban,0,649418.0
1603.0,2,1,20,17.4,7.6,Urban,0,660765.0
2329.0,4,3,14,6.8,10.0,Suburban,0,945952.0
1667.0,3,2,51,2.7,7.2,Urban,1,658906.0
1131.0,1,1,61,11.7,6.0,Rural,0,320148.0
2652.0,4,4,59,4.6,6.8,Urban,2,1006284.0
2542.0,4,3,44,15.4,7.9,Suburban,2,884275.0
1227.0,1,1,69,4.0,8.5,Urban,2,610547.0
2037.0,3,3,67,4.7,9.0,Urban,2,801283.0
1604.0,2,2,22,2.5,5.5,Suburban,1,685576.0
2171.0,4,3,50,19.4,8.9,Urban,2,756225.0
1275.0,1,1,5,3.2,6.9,Suburban,2,519432.0
2323.0,3,3,6,11.1,5.6,Urban,1,946375.0
2517.0,3,3,35,5.8,6.7,Suburban,2,872236.0
1232.0,1,1,56,4.7,8.8,,0,376335.0
1841.0,3,3,46,4.5,7.7,,2,735252.0
2530.0,4,3,13,15.2,5.2,Urban,2,974806.0
1199.0,3,2,59,30.8,5.2,Suburban,0,310776.0
1399.0,2,1,48,14.1,5.2,Urban,0,480192.0
2197.0,4,4,60,1.4,5.9,Urban,0,753536.0
1704.0,3,3,48,11.2,7.1,Suburban,0,607075.0
855.0,1,1,69,5.8,5.3,Urban,2,425352.0
1608.0,2,2,28,6.0,6.4,Urban,2,642685.0
2848.0,4,3,2,7.5,9.1,Suburban,2,1008690.0
3038.0,4,3,47,6.6,9.4,Urban,0,1023614.0
1418.0,2,2,78,9.2,9.3,Urban,1,545004.0
1252.0,2,1,7,5.6,4.3,Rural,2,519561.0
1525.0,1,2,77,11.9,9.5,Urban,2,605453.0
2881.0,4,4,61,6.9,7.1,Suburban,0,975435.0
2305.0,3,3,2,7.0,7.1,Urban,1,916312.0
2678.0,4,3,43,6.5,8.5,Rural,0,853917.0
2399.0,3,2,25,11.1,8.1,Suburban,0,779882.0
1008.0,1,1,52,5.0,4.2,Urban,2,448202.0
1231.0,2,2,61,,6.1,Rural,2,507104.0
1382.0,2,2,29,7.2,6.5,Urban,0,543309.0
1487.0,2,2,38,15.3,5.0,Rural,2,439116.0
1393.0,1,1,3,5.2,8.5,Suburban,2,567059.0
1463.0,2,2,0,,9.2,Urban,1,721412.0
2184.0,5,3,60,8.2,7.0,Suburban,0,769251.0
1881.0,2,2,28,14.6,7.4,Urban,2,743953.0
2532.0,3,2,70,7.0,7.0,Suburban,1,775445.0
1951.0,3,3,46,4.8,7.1,Suburban,1,764436.0
1394.0,2,1,31,4.8,8.7,Urban,2,626146.0
1913.0,3,2,70,7.7,4.4,Suburban,1,539514.0
893.0,1,1,4,6.6,7.7,Rural,0,443151.0
500.0,1,1,66,5.0,7.0,Suburban,1,272912.0
2186.0,3,2,5,7.8,5.9,Suburban,0,763616.0
2411.0,4,3,75,0.6,6.2,Urban,1,877488.0
1843.0,4,4,45,5.8,9.7,Rural,0,665329.0
1565.0,1,1,37,6.8,5.0,Rural,1,503558.0
995.0,1,1,52,1.7,6.7,Rural,1,351368.0
2500.0,3,3,63,3.0,9.4,Suburban,0,860237.0
2096.0,2,1,22,3.2,5.1,Urban,0,786781.0
1975.0,3,3,8,6.4,6.3,Urban,0,830928.0
1797.0,2,2,77,5.5,7.1,Suburban,0,580312.0
1518.0,3,3,41,5.6,7.6,Urban,0,664524.0
1132.0,2,2,22,1.8,6.9,Suburban,1,431124.0
1952.0,3,2,73,12.8,5.7,Urban,1,612845.0
1477.0,2,2,3,14.9,7.7,Suburban,0,596870.0
1546.0,2,2,67,2.2,6.8,Suburban,1,539091.0
2831.0,5,4,1,5.3,7.9,Urban,0,1046061.0
1771.0,3,3,52,5.5,8.4,Suburban,1,722909.0
500.0,1,1,3,8.6,4.8,Urban,1,416256.0
1479.0,3,3,11,4.8,8.5,Urban,1,707561.0
1199.0,1,1,26,12.0,6.6,Urban,1,539369.0
1716.0,2,2,14,2.8,8.2,Urban,0,767308.0
945.0,2,2,3,10.2,7.7,Urban,2,517832.0
2060.0,4,3,54,8.4,9.8,Urban,2,816338.0
1622.0,2,2,60,2.4,7.0,Urban,2,741541.0
1515.0,2,3,26,5.2,6.4,Urban,2,639512.0
1890.0,4,3,55,2.7,6.2,Suburban,0,678167.0
1754.0,2,2,26,20.2,5.4,Suburban,2,682976.0
1719.0,3,2,17,5.9,8.2,Urban,2,742536.0
1665.0,4,4,67,4.7,5.3,Urban,0,738651.0
1788.0,2,2,42,1.5,8.2,Urban,1,686161.0
2006.0,3,4,1,8.1,6.7,Urban,1,866258.0
1931.0,4,3,55,5.1,4.4,Urban,2,797684.0
2476.0,4,4,31,10.1,9.2,Suburban,1,912979.0
1472.0,3,3,5,16.5,2.0,Suburban,2,572193.0
1943.0,2,1,19,11.0,6.9,Suburban,2,722366.0
3268.0,5,5,25,3.0,7.4,Rural,2,1108472.0
1775.0,3,2,2,4.7,3.5,Rural,0,718722.0
1799.0,4,3,58,2.3,7.7,Urban,1,807529.0
1042.0,2,1,17,3.9,6.0,Urban,2,523770.0
1372.0,2,2,12,12.4,6.6,Suburban,0,536279.0
1736.0,3,3,14,4.1,9.0,Suburban,2,869263.0
2120.0,3,3,57,10.2,7.2,,2,736761.0
2189.0,4,4,40,4.5,6.5,Suburban,2,832394.0
1996.0,3,2,65,10.9,6.7,Rural,1,664477.0
2282.0,4,2,34,3.0,9.7,Suburban,2,826131.0
1200.0,1,1,54,2.5,7.6,Rural,2,446497.0
2093.0,3,2,37,20.1,5.7,Rural,0,604643.0
1808.0,2,3,47,3.2,6.3,Suburban,2,662770.0
1875.0,3,3,70,12.6,5.2,Urban,1,585741.0
1583.0,3,2,49,9.1,6.3,Urban,1,629759.0
1228.0,1,1,39,3.8,9.4,Urban,0,583060.0
1071.0,2,2,69,3.8,6.8,Rural,1,374150.0
1992.0,2,2,51,5.3,5.0,Rural,1,561119.0
2099.0,3,3,74,12.8,7.6,Urban,1,796194.0
1722.0,2,2,51,4.7,6.4,Urban,2,701501.0
1791.0,3,3,54,10.1,7.8,Suburban,2,673575.0
1368.0,2,1,41,8.4,6.6,Suburban,2,570869.0
2102.0,4,3,67,8.6,9.2,Suburban,1,783203.0
1836.0,4,4,24,20.5,5.6,Urban,2,826831.0
1581.0,2,2,43,9.6,5.3,Urban,2,645114.0
2320.0,4,3,72,8.5,8.4,Urban,2,799052.0
2187.0,4,3,17,1.5,4.0,Urban,2,847636.0
878.0,1,1,35,14.9,6.7,Urban,0,354928.0
1829.0,4,4,2,11.1,8.2,Urban,2,876028.0
1225.0,2,2,45,8.3,3.7,Suburban,2,457395.0
1884.0,2,1,27,5.3,7.1,Suburban,0,608663.0
500.0,1,2,44,1.6,4.8,Urban,2,398287.0
1918.0,3,3,18,9.5,4.2,Rural,1,703967.0
2227.0,3,3,66,6.7,5.4,Urban,2,788091.0
1734.0,2,2,78,19.6,6.7,Suburban,1,527012.0
1101.0,3,2,42,10.2,5.9,Urban,0,452538.0
2974.0,5,4,48,7.3,8.7,Suburban,1,1024312.0
2494.0,5,4,36,23.4,7.1,Urban,0,854825.0
1481.0,2,2,23,6.7,6.3,Suburban,0,602602.0
1643.0,2,3,36,18.5,5.0,Rural,1,530635.0
611.0,1,1,39,1.3,7.3,Urban,2,406083.0
2084.0,4,3,62,26.3,10.0,Suburban,0,671713.0
978.0,2,2,55,,5.9,Suburban,0,289222.0
2200.0,3,2,26,3.5,6.1,Urban,0,884725.0
2416.0,3,2,49,21.8,5.4,Urban,0,637502.0
1758.0,3,2,74,1.0,8.8,,0,668639.0
1161.0,2,2,33,2.6,8.4,Rural,0,495888.0
2549.0,4,3,67,9.3,6.3,Urban,1,858304.0
1801.0,2,2,37,15.0,6.1,Suburban,1,606675.0
1856.0,3,2,11,8.3,5.6,Suburban,1,670196.0
1241.0,2,2,14,1.7,6.6,Suburban,2,625857.0
1916.0,2,1,25,,8.5,Suburban,0,640091.0
1678.0,3,2,46,4.6,7.1,Urban,0,684066.0
1003.0,2,2,72,9.0,8.9,Suburban,2,425453.0
2604.0,4,3,31,6.1,5.9,Rural,0,824124.0
2855.0,5,4,22,14.2,3.5,Suburban,0,911966.0
2411.0,5,4,52,1.6,10.0,Urban,0,972704.0
2321.0,4,3,25,10.2,7.3,Suburban,1,873115.0
2859.0,4,4,34,2.6,8.2,Urban,0,1059506.0
1172.0,2,2,17,16.7,5.8,Urban,1,558430.0
1164.0,2,1,23,10.3,5.0,Urban,0,526591.0
1551.0,2,2,4,6.1,7.2,Urban,1,710681.0
1979.0,3,3,45,5.1,4.0,Suburban,2,742308.0
1624.0,2,2,38,8.7,,Urban,0,715277.0
1188.0,3,3,13,13.9,8.5,Suburban,1,521860.0
1803.0,3,3,60,8.4,7.7,Rural,2,692620.0
1743.0,3,3,16,6.1,7.4,Suburban,0,782887.0
2305.0,3,3,52,3.2,9.6,Urban,1,916085.0
1827.0,4,3,8,5.9,7.6,Rural,1,824354.0
657.0,1,1,2,14.0,4.1,Urban,0,423711.0
2031.0,3,2,9,11.3,6.8,Suburban,1,733392.0
2749.0,3,4,41,15.2,9.9,Urban,1,979529.0
1817.0,3,2,14,3.1,6.5,Rural,2,721823.0
2392.0,4,3,26,1.7,9.8,Urban,0,939066.0
1497.0,2,2,43,10.7,8.5,Rural,1,661357.0
2139.0,4,4,51,2.1,6.4,Rural,2,825958.0
1353.0,1,1,62,15.2,5.4,Rural,2,381990.0
1652.0,3,3,32,10.9,7.5,Suburban,1,600914.0
1657.0,2,2,8,8.2,8.9,Suburban,1,703000.0
2086.0,4,3,78,2.7,4.6,Rural,0,593819.0
1306.0,2,2,62,6.7,7.2,Urban,0,565800.0
921.0,2,2,66,5.9,3.9,Suburban,2,270028.0
2082.0,4,3,73,8.5,6.5,Urban,0,802772.0
2060.0,3,3,56,18.2,4.5,Urban,2,681329.0
1867.0,3,3,79,3.1,7.8,Urban,2,667149.0
2360.0,3,2,41,5.3,6.0,Rural,1,748002.0
1678.0,2,2,44,6.2,8.7,Urban,2,707281.0
1969.0,4,3,47,15.8,6.2,Suburban,2,704877.0
1590.0,3,3,40,7.2,6.1,Suburban,2,711719.0
1645.0,2,3,35,10.2,4.6,Suburban,1,615008.0
2004.0,4,3,26,16.6,7.6,Urban,1,824218.0
3160.0,5,3,63,8.2,7.7,Suburban,0,996202.0
2245.0,4,3,26,5.3,8.4,Suburban,0,873207.0
2129.0,4,3,72,14.6,8.0,Rural,2,637818.0
2264.0,4,3,59,17.8,7.6,Rural,1,721316.0
500.0,1,1,79,9.7,7.9,Urban,2,269563.0
1992.0,4,3,51,4.1,8.0,Urban,2,890420.0
2346.0,2,3,47,4.9,8.4,Suburban,0,814645.0
1851.0,3,3,26,17.7,4.7,Suburban,2,691567.0
1774.0,3,3,54,10.9,6.3,Suburban,0,636305.0
1236.0,2,3,46,5.6,,Suburban,0,571332.0
1540.0,2,2,31,1.5,7.5,Urban,1,609574.0
1300.0,3,3,5,11.0,9.4,Rural,1,601356.0
2400.0,4,3,0,9.8,8.3,Urban,2,938211.0
2701.0,4,4,18,10.9,6.1,Rural,1,816624.0
2961.0,5,4,56,3.6,7.8,Suburban,0,972959.0
1290.0,3,3,73,5.3,7.5,Rural,0,534895.0
1399.0,3,3,74,13.4,7.3,Urban,2,583489.0
1350.0,1,1,42,0.6,5.0,Suburban,1,490654.0
1189.0,1,1,68,5.3,9.0,Urban,0,520370.0
1199.0,2,2,0,1.9,5.2,Suburban,0,556876.0
1491.0,3,3,70,3.3,6.4,Rural,2,588506.0
2325.0,3,3,77,12.1,8.4,Suburban,2,795232.0
1369.0,3,3,32,6.1,6.4,Suburban,2,645555.0
2432.0,4,4,3,2.8,7.1,Urban,2,1003977.0
2620.0,4,3,57,9.2,7.2,Rural,0,860303.0
1971.0,2,2,1,4.3,7.1,Urban,0,734769.0
2537.0,5,4,51,5.9,7.2,Suburban,1,920454.0
983.0,1,1,25,7.6,7.3,Urban,1,531605.0
1465.0,2,2,43,15.3,7.1,Suburban,0,509288.0
1914.0,3,2,73,7.6,5.7,Urban,2,662706.0
1934.0,4,3,12,5.0,4.7,Urban,1,905252.0
2658.0,4,4,2,8.9,8.5,Urban,2,1135251.0
1201.0,1,1,46,9.3,,Suburban,1,479621.0
1478.0,2,2,55,,7.5,Urban,2,587409.0
1749.0,4,3,23,6.1,7.5,Rural,2,621631.0
1489.0,2,2,13,6.5,5.6,Suburban,1,633731.0
1174.0,2,2,56,13.7,3.3,Rural,1,406493.0
1514.0,3,2,55,0.7,6.6,Urban,2,680593.0
1653.0,1,2,75,8.6,4.2,Suburban,1,420003.0
2669.0,5,4,69,11.5,7.3,Suburban,2,927402.0
1188.0,1,1,58,13.4,9.0,Rural,0,355056.0
2289.0,3,2,1,1.8,6.1,Urban,0,885432.0
2563.0,5,4,20,1.7,6.2,,0,1091132.0
1492.0,3,3,52,4.2,5.5,,1,672689.0
1956.0,3,3,37,10.4,7.1,Suburban,1,749826.0
2146.0,4,3,4,12.4,7.0,Rural,2,794648.0
2047.0,4,3,45,1.5,5.5,Urban,2,843781.0
1849.0,4,3,60,7.7,8.4,Suburban,0,665347.0
1393.0,3,3,58,12.0,10.0,Urban,2,680044.0
2197.0,3,3,73,4.9,8.8,Urban,0,793513.0
1575.0,2,1,11,8.2,6.8,Rural,1,528200.0
1817.0,3,3,76,2.4,6.8,Suburban,2,719920.0
1905.0,3,3,42,9.7,6.2,Rural,2,566352.0
2314.0,4,3,24,5.8,6.2,Urban,2,885962.0
2957.0,4,3,68,5.4,,Suburban,0,985935.0
1357.0,2,2,8,7.9,8.5,Suburban,0,654569.0
1832.0,2,2,2,1.3,5.2,Suburban,2,755859.0
909.0,1,1,58,4.3,7.5,Urban,0,387265.0
2689.0,4,4,58,12.0,8.7,Urban,0,946683.0
1826.0,3,2,7,1.5,6.5,Urban,1,798097.0
1620.0,3,2,70,1.7,6.7,Suburban,0,657661.0
1831.0,3,2,67,4.7,8.0,Suburban,1,707072.0
1862.0,4,3,63,6.5,8.1,Suburban,2,773542.0
1361.0,2,2,31,7.6,7.6,Urban,1,613894.0
2513.0,4,3,74,19.5,7.4,Suburban,1,731153.0
2187.0,3,2,10,7.8,7.6,Urban,2,806432.0
2271.0,4,2,62,8.5,6.6,Rural,2,711987.0
1392.0,1,1,67,13.4,5.3,Urban,0,471435.0
1360.0,1,1,41,3.4,4.7,Suburban,2,479537.0
1732.0,3,2,27,8.7,7.9,Urban,0,729517.0
2280.0,3,3,38,10.3,7.2,Urban,0,787652.0
2101.0,3,3,3,9.4,7.7,Suburban,1,794463.0
1333.0,2,2,2,7.6,5.8,Suburban,0,625045.0
2201.0,3,3,27,7.3,7.2,Urban,0,869904.0
1217.0,3,3,1,2.8,7.1,Suburban,1,626819.0
