order_id,order_date,region,category,units,unit_price,discount_pct,revenue,cost,profit
ORD00342,2025-04-27 00:00:00,East,Sports,4,75.56,0.05,287.95,154.41,133.53
ORD02116,2025-03-19 00:00:00,North,Sports,1,44.23,0.09,40.4,28.03,12.38
ORD01653,2025-08-07 00:00:00,North,Home,2,118.7,0.08,218.09,153.31,64.78
ORD01295,2025-07-29 00:00:00,South,Sports,4,,0.02,191.65,104.56,87.1
ORD01270,2025-05-31 00:00:00,West,Grocery,2,25.0,0.08,46.07,34.94,11.13
ORD01931,2024-12-31 00:00:00,North,Clothing,6,54.92,0.05,314.29,217.17,97.12
ORD00978,2025-06-08 00:00:00,East,Clothing,3,71.55,0.22,166.87,92.22,74.65
ORD02143,2024-06-13 00:00:00,,Home,3,,0.03,299.06,206.36,92.7
ORD00021,2024-07-25 00:00:00,North,Home,4,103.66,0.02,407.09,225.16,181.93
ORD00677,2024-09-22 00:00:00,South,Grocery,7,14.02,0.03,95.0,70.28,24.72
ORD01684,2024-09-07 00:00:00,East,Home,3,104.13,0.09,283.18,156.05,127.13
ORD00198,2025-09-10 00:00:00,South,Grocery,6,,0.14,147.04,86.3,60.74
ORD00001,2024-10-30 00:00:00,North,Grocery,5,39.26,0.09,179.42,136.67,42.75
ORD00069,2025-11-01 00:00:00,South,Home,3,89.11,0.15,228.01,133.78,94.22
ORD00492,2025-09-10 00:00:00,North,Grocery,7,,0.11,183.74,129.28,54.46
ORD00401,2024-11-06 00:00:00,East,Electronics,1,159.59,0.12,140.76,83.2,57.56
ORD01725,2025-05-28 00:00:00,West,Clothing,5,42.27,0.01,209.17,122.67,86.5
ORD00345,2024-02-25 00:00:00,North,Home,3,88.54,0.11,236.75,184.35,52.4
ORD00668,2025-07-24 00:00:00,East,Clothing,5,52.96,0.04,253.03,168.75,84.28
ORD02097,2025-05-04 00:00:00,East,Sports,1,75.76,0.11,67.7,40.73,26.97
ORD00348,2025-12-19 00:00:00,South,Home,4,82.24,0.06,309.91,208.58,101.34
ORD00595,2025-07-20 00:00:00,South,Electronics,1,184.54,0.01,182.51,102.6,79.91
ORD00667,2025-06-29 00:00:00,North,Grocery,6,25.05,0.04,144.6,105.61,38.99
ORD00526,2025-07-17 00:00:00,South,Home,2,98.7,0.08,182.56,129.75,52.81
ORD01913,2024-03-14 00:00:00,East,Clothing,5,44.54,0.03,216.68,126.91,89.78
ORD01159,2025-10-29 00:00:00,South,Clothing,6,57.71,0.06,326.01,238.85,87.16
ORD00919,2024-07-08 00:00:00,West,Electronics,2,190.45,0.08,351.65,191.96,159.69
ORD01995,2025-06-16 00:00:00,North,Clothing,6,61.95,0.03,362.11,224.49,137.62
ORD00283,2024-05-28 00:00:00,North,Grocery,11,26.14,0.13,249.44,131.36,118.07
ORD00253,2024-01-10 00:00:00,South,Grocery,12,28.78,0.04,332.96,217.48,115.48
ORD00265,2024-10-23 00:00:00,North,Sports,5,65.87,0.03,320.71,199.9,120.81
ORD01616,2024-06-04 00:00:00,South,Home,2,123.43,0.12,218.22,150.2,68.03
ORD01483,2025-11-22 00:00:00,West,Grocery,9,29.47,0.09,241.31,156.72,84.59
ORD01803,2024-10-19 00:00:00,South,Electronics,3,193.84,0.01,574.82,374.24,200.58
ORD01423,2025-11-14 00:00:00,West,Grocery,9,19.92,0.07,167.52,128.16,39.36
ORD00787,2024-09-13 00:00:00,North,Grocery,10,27.35,0.04,262.74,187.19,75.56
ORD01539,2025-11-25 00:00:00,South,Clothing,6,62.29,0.05,355.97,259.47,96.5
ORD00936,2024-03-20 00:00:00,East,Grocery,9,22.15,0.0,198.83,132.86,65.97
ORD01987,2024-03-15 00:00:00,South,Clothing,4,58.81,0.06,222.01,146.44,75.57
ORD02095,2024-04-01 00:00:00,,Electronics,1,217.36,0.06,204.34,124.89,79.44
ORD00272,2025-08-13 00:00:00,East,Sports,3,51.61,0.01,153.12,89.36,63.76
ORD00520,2025-01-27 00:00:00,West,Home,3,91.98,0.06,260.28,148.52,111.77
ORD00640,2024-09-04 00:00:00,West,Electronics,1,178.68,0.03,173.41,114.24,59.17
ORD00252,2024-02-22 00:00:00,East,Sports,4,77.48,0.07,289.15,175.28,113.87
ORD01676,2024-08-03 00:00:00,South,Home,7,97.14,0.1,609.12,435.03,174.09
ORD00219,2024-02-26 00:00:00,South,Home,4,90.2,0.13,314.97,186.73,128.24
ORD01903,2024-05-07 00:00:00,North,Grocery,18,24.51,0.14,380.87,233.95,146.92
ORD00103,2025-09-01 00:00:00,,Grocery,10,25.52,0.11,227.71,177.2,50.5
ORD01730,2025-05-01 00:00:00,North,Grocery,9,20.24,0.03,177.13,112.13,65.0
ORD02134,2024-02-05 00:00:00,East,Grocery,9,,0.17,104.91,54.98,49.93
ORD01051,2024-08-27 00:00:00,South,Clothing,4,42.8,0.01,169.92,122.65,47.27
ORD00282,2025-12-02 00:00:00,South,Home,4,79.08,0.08,292.31,182.61,109.69
ORD02153,2025-02-26 00:00:00,North,Home,5,87.83,0.05,416.52,245.99,170.53
ORD01457,2024-07-13 00:00:00,West,Sports,1,75.88,0.03,73.31,48.0,25.31
ORD01973,2025-11-30 00:00:00,West,Grocery,8,28.86,0.15,195.65,130.42,65.23
ORD01261,2024-04-15 00:00:00,South,Grocery,9,19.77,0.06,166.51,95.49,71.02
ORD00160,2025-10-12 00:00:00,North,Electronics,1,223.25,0.01,221.43,154.18,67.26
ORD00641,2025-05-24 00:00:00,South,Grocery,10,16.71,0.06,157.0,90.3,66.7
ORD01344,2024-12-10 00:00:00,North,Grocery,11,31.94,0.01,346.25,252.37,93.88
ORD01781,2024-08-29 00:00:00,South,Clothing,5,27.47,0.1,123.25,69.22,54.03
ORD01343,2025-03-14 00:00:00,North,Clothing,2,52.63,0.04,100.56,60.22,40.34
ORD02164,2025-08-28 00:00:00,North,Sports,1,66.76,0.14,57.28,38.31,18.97
ORD00680,2024-09-22 00:00:00,South,Grocery,4,13.47,0.08,49.46,25.91,23.55
ORD01580,2025-07-05 00:00:00,West,Electronics,3,200.66,0.02,588.25,386.43,201.82
ORD02160,2025-08-14 00:00:00,East,Sports,2,46.67,0.08,86.33,46.95,39.38
ORD01520,2024-05-05 00:00:00,South,Electronics,3,220.26,0.08,606.99,430.34,176.65
ORD01854,2025-07-12 00:00:00,North,Sports,2,63.64,0.05,121.14,77.89,43.25
ORD02064,2024-01-30 00:00:00,North,Home,4,89.18,0.1,320.47,232.26,88.21
ORD01298,2025-04-30 00:00:00,South,Grocery,5,24.69,0.02,121.41,82.96,38.45
ORD00573,2024-05-08 00:00:00,West,Home,4,55.5,0.02,218.51,138.13,80.38
ORD02150,2025-04-13 00:00:00,North,Clothing,6,66.32,0.1,359.3,275.09,84.21
ORD00550,2025-09-02 00:00:00,North,Clothing,5,58.96,0.03,284.81,186.38,98.43
ORD00127,2025-11-06 00:00:00,East,Grocery,3,10.98,0.03,32.04,20.15,11.9
ORD01241,2024-11-29 00:00:00,South,Electronics,4,145.57,0.11,519.78,283.46,236.32
ORD00910,2024-08-27 00:00:00,East,Home,2,97.49,0.04,187.08,108.17,78.92
ORD01352,2025-07-28 00:00:00,North,Home,1,93.08,0.06,87.41,46.07,41.34
ORD02111,2024-12-21 00:00:00,North,Home,1,94.86,0.0,94.57,62.99,31.58
ORD01077,2025-10-22 00:00:00,South,Clothing,2,62.41,0.14,107.79,76.7,31.1
ORD01603,2025-03-19 00:00:00,West,Grocery,5,25.8,0.02,127.05,78.11,48.94
ORD00037,2025-06-21 00:00:00,West,Home,3,89.33,0.02,261.55,172.16,89.39
ORD01524,2025-12-08 00:00:00,South,Clothing,5,54.35,0.04,262.22,202.67,59.56
ORD01500,2024-03-13 00:00:00,West,Grocery,6,24.76,0.06,139.61,80.5,59.11
ORD01936,2024-01-23 00:00:00,West,Clothing,2,45.18,0.01,89.59,47.12,42.47
ORD00861,2024-06-20 00:00:00,West,Grocery,7,37.69,0.11,235.4,179.48,55.92
ORD02138,2025-06-17 00:00:00,South,Clothing,3,47.34,0.0,141.7,84.09,57.6
ORD00970,2025-01-29 00:00:00,West,Home,3,90.11,0.07,250.92,194.24,56.68
ORD01243,2025-12-28 00:00:00,North,Sports,3,,0.02,196.41,120.55,75.86
ORD01046,2024-06-21 00:00:00,West,Clothing,2,70.22,0.1,127.0,94.24,32.76
ORD01714,2024-08-29 00:00:00,North,Clothing,2,62.45,0.02,122.37,92.82,29.55
ORD01632,2024-11-19 00:00:00,South,Sports,7,96.04,0.1,607.63,401.02,206.61
ORD01957,2024-01-31 00:00:00,South,Grocery,12,21.87,0.06,246.79,169.0,77.79
ORD01286,2024-06-04 00:00:00,North,Grocery,7,15.96,0.09,101.92,74.44,27.48
ORD00576,2025-09-30 00:00:00,West,Clothing,2,62.61,0.12,109.69,70.58,39.11
ORD00173,2025-08-07 00:00:00,East,Grocery,4,24.76,0.01,98.24,56.92,41.33
ORD00609,2024-05-28 00:00:00,East,Grocery,13,35.25,0.02,447.14,293.86,153.27
ORD00402,2024-06-30 00:00:00,North,Grocery,-1,25.49,0.02,174.59,122.67,51.92
ORD02004,2024-04-14 00:00:00,South,Clothing,3,60.01,0.13,156.4,88.31,68.09
ORD01501,2025-12-08 00:00:00,West,Electronics,3,173.69,0.08,480.99,345.92,135.07
ORD00553,2024-08-20 00:00:00,South,Home,3,73.67,0.07,204.72,125.06,79.66
ORD00884,2024-09-18 00:00:00,West,Grocery,7,32.75,0.11,203.93,115.81,88.12
ORD01132,2025-09-12 00:00:00,South,Sports,4,91.22,0.13,318.94,235.72,83.22
ORD00852,2024-01-22 00:00:00,East,Clothing,3,52.56,0.09,144.2,99.32,44.88
ORD02049,2025-07-14 00:00:00,North,Sports,1,,0.06,84.12,64.74,19.38
ORD01071,2025-04-28 00:00:00,South,Clothing,2,50.17,0.22,77.98,59.75,18.23
ORD02021,2025-03-24 00:00:00,East,Sports,1,48.19,0.01,47.61,27.42,20.19
ORD00152,2024-03-29 00:00:00,West,Grocery,5,28.53,0.12,125.61,80.9,44.71
ORD01820,2025-04-09 00:00:00,South,Grocery,11,23.98,0.04,251.98,137.72,114.25
ORD01075,2024-12-25 00:00:00,West,Grocery,4,31.37,0.06,117.62,73.24,44.38
ORD01742,2024-05-08 00:00:00,North,Electronics,1,226.16,0.13,196.56,129.45,67.12
ORD01066,2024-07-07 00:00:00,West, electronics ,7,27.56,0.1,172.71,130.41,42.29
ORD00692,2024-11-27 00:00:00,West,Sports,1,88.28,0.06,83.01,45.53,37.48
ORD00618,2025-11-03 00:00:00,North,Sports,1,67.31,0.05,64.22,47.02,17.2
ORD01433,2025-10-07 00:00:00,South,Home,2,34.71,0.11,62.02,40.28,21.74
ORD00654,2024-11-27 00:00:00,East,Grocery,6,31.27,0.07,174.25,100.33,73.92
ORD00780,2024-05-18 00:00:00,South,Clothing,6,54.4,0.12,286.96,183.73,103.23
ORD00673,2024-03-25 00:00:00,North,Home,3,96.71,0.21,228.89,140.1,88.79
ORD00491,2024-02-04 00:00:00,East,Grocery,5,21.09,0.05,99.97,58.78,41.19
ORD00289,2025-08-29 00:00:00,South,Grocery,11,14.3,0.13,136.23,88.9,47.33
ORD00498,2024-11-02 00:00:00,North,Sports,1,91.51,0.03,88.69,65.68,23.01
ORD00582,2024-01-22 00:00:00,West,Electronics,1,213.65,0.08,196.09,116.69,79.39
ORD00130,2024-05-26 00:00:00,East,Electronics,5,179.95,0.0,897.02,481.92,415.09
ORD01187,2025-03-03 00:00:00,North,Grocery,7,31.59,0.08,203.56,119.85,83.71
ORD00853,2024-08-21 00:00:00,West,Electronics,4,120.1,0.02,470.65,269.9,200.75
ORD00672,2025-09-06 00:00:00,South,Electronics,6,169.01,0.09,919.62,709.28,210.35
ORD00387,2024-03-22 00:00:00,North,Grocery,6,30.79,0.04,178.07,117.04,61.04
ORD01893,2024-09-12 00:00:00,North,Grocery,7,17.4,0.05,115.35,86.07,29.28
ORD01852,2025-08-28 00:00:00,North,Electronics,1,182.6,0.11,163.17,115.56,47.61
ORD01080,2024-02-11 00:00:00,South,Sports,1,99.52,0.04,95.55,62.92,32.63
ORD01985,2024-12-22 00:00:00,West,Electronics,3,238.7,0.12,632.21,397.52,234.69
ORD01342,2024-06-08 00:00:00,North,Sports,7,59.76,0.17,348.89,252.21,96.68
ORD00938,2024-12-05 00:00:00,West,Sports,2,65.77,0.03,127.03,81.86,45.17
ORD01975,2024-04-15 00:00:00,West,Sports,2,64.71,0.03,125.37,96.72,28.65
ORD01010,2024-10-25 00:00:00,East,Grocery,10,28.49,0.04,273.27,168.64,104.64
ORD00926,2024-03-11 00:00:00,North,Sports,1,73.44,0.01,72.85,55.76,17.09
ORD01424,2025-09-03 00:00:00,South,Clothing,5,65.35,0.01,323.63,209.43,114.2
ORD01312,2025-06-17 00:00:00,North,Electronics,1,159.66,0.03,154.74,108.85,45.88
ORD01575,2024-05-05 00:00:00,,Electronics,2,187.45,0.04,360.5,246.19,114.31
ORD02156,2024-12-12 00:00:00,East,Grocery,13,24.05,0.0,311.25,240.27,70.98
ORD01028,2024-12-23 00:00:00,West,Electronics,3,169.55,0.08,466.11,256.7,209.41
ORD00817,2025-05-27 00:00:00,West,Electronics,1,204.01,0.07,190.1,136.68,53.42
ORD00102,2024-04-08 00:00:00,South,Home,8,94.34,0.01,750.58,487.21,263.37
ORD00663,2025-05-03 00:00:00,North,Grocery,9,24.64,0.12,194.34,147.59,46.76
ORD01466,2024-07-14 00:00:00,West,Grocery,14,31.6,0.02,434.15,237.63,196.52
ORD00845,2024-06-17 00:00:00,North,Clothing,1,61.5,0.07,57.34,34.64,22.69
ORD01022,2025-09-08 00:00:00,West,Electronics,1,186.95,0.03,180.92,120.58,60.34
ORD00111,2024-02-11 00:00:00,East,Clothing,3,51.95,1.5,131.96,85.67,46.29
ORD02072,2025-05-11 00:00:00,East,Grocery,6,25.03,0.08,138.19,83.34,54.85
ORD00875,2025-09-04 00:00:00,North,Sports,2,57.22,0.19,92.29,71.46,20.83
ORD01744,2024-04-18 00:00:00,East,Home,3,104.18,0.13,272.4,152.67,119.73
ORD01155,2024-06-14 00:00:00,West,Sports,1,97.09,0.02,94.9,65.23,29.67
ORD00862,2024-07-12 00:00:00,East,Electronics,1,160.84,0.1,145.17,81.54,63.62
ORD01154,2024-10-05 00:00:00,South,Clothing,2,60.27,0.06,113.34,82.97,30.37
ORD01561,2025-03-12 00:00:00,East,Clothing,5,56.42,0.09,256.98,164.99,91.99
ORD00294,2024-08-05 00:00:00,East,Electronics,3,198.86,0.08,545.88,355.42,190.46
ORD01380,2024-05-05 00:00:00,North,Grocery,10,17.59,0.05,167.73,96.33,71.4
ORD00457,2024-05-26 00:00:00,North,Home,7,83.61,0.11,522.22,401.82,120.4
ORD00063,2024-05-26 00:00:00,North,Grocery,8,16.38,0.02,127.84,77.87,49.98
ORD00128,2024-04-01 00:00:00,South,Clothing,4,,0.04,189.47,110.74,78.73
ORD01838,2024-02-10 00:00:00,,Home,4,97.86,0.05,373.21,228.92,144.29
ORD01715,2025-11-03 00:00:00,West,Sports,3,81.92,0.04,236.22,166.27,69.95
ORD00178,2024-03-24 00:00:00,South,Clothing,4,46.4,0.11,164.67,104.39,60.27
ORD01057,2025-05-14 00:00:00,,Electronics,4,196.12,0.11,697.27,503.16,194.1
ORD00638,2025-06-13 00:00:00,North,Grocery,6,28.97,0.1,156.41,93.0,63.42
ORD01391,2025-09-17 00:00:00,North,Grocery,9,20.04,0.12,158.54,88.36,70.18
ORD01796,2024-01-16 00:00:00,North,Grocery,6,24.88,0.03,145.37,95.19,50.18
ORD01420,2025-09-15 00:00:00,West,Grocery,9,,0.13,221.93,164.24,57.69
ORD00777,2025-02-26 00:00:00,South,Grocery,10,25.58,0.11,228.66,146.03,82.63
ORD02119,2024-10-05 00:00:00,North,Grocery,10,26.41,0.04,252.53,143.11,109.42
ORD00873,2025-03-23 00:00:00,South,Grocery,8,23.24,0.02,181.71,97.67,84.04
ORD00412,2025-03-10 00:00:00,West,Clothing,6,58.06,0.1,314.67,195.94,118.73
ORD00772,2025-02-07 00:00:00,East,Grocery,8,26.35,0.12,185.37,109.59,75.78
ORD00797,2024-09-06 00:00:00,North,Sports,4,55.17,0.1,197.72,115.83,81.89
ORD00042,2024-11-14 00:00:00,North,Home,4,86.53,0.01,341.03,220.94,120.09
ORD00393,2024-03-06 00:00:00,North,Grocery,10,18.84,0.12,165.6,118.5,47.11
ORD00192,2025-09-01 00:00:00,East,Home,9,83.18,0.01,744.1,430.69,313.41
ORD01855,2024-03-01 00:00:00,West,Sports,6,76.39,0.12,403.94,276.05,127.89
ORD02068,2024-09-30 00:00:00,North,Grocery,4,35.16,0.14,120.9,69.6,51.3
ORD00291,2025-02-13 00:00:00,South,Grocery,7,29.88,0.01,206.49,109.51,96.97
ORD01417,2025-03-15 00:00:00,West,Electronics,1,196.66,0.15,167.26,100.05,67.21
ORD00016,2025-11-12 00:00:00,North,Home,4,76.1,0.13,266.3,144.75,121.55
ORD00901,2025-12-05 00:00:00,West,Grocery,8,36.91,0.01,292.14,203.31,88.84
ORD00225,2025-12-05 00:00:00,East,Home,1,114.39,0.06,106.97,79.77,27.2
ORD01910,2024-04-20 00:00:00,North,Electronics,2,158.36,0.09,286.82,190.65,96.17
ORD01256,2025-11-11 00:00:00,North,Home,1,67.82,0.04,65.1,44.69,20.41
ORD00026,2024-06-12 00:00:00,North,Electronics,4,214.72,0.11,766.44,533.6,232.84
ORD00155,2024-04-06 00:00:00,South,Home,6,45.81,0.1,248.71,193.96,54.75
ORD01874,2024-12-11 00:00:00,West,Home,3,90.63,0.08,248.83,170.9,77.94
ORD01522,2024-04-27 00:00:00,West,Sports,3,94.94,0.0,283.67,209.46,74.22
ORD02184,2025-08-27 00:00:00,South,Clothing,3,59.43,0.04,172.0,107.87,64.14
ORD01967,2025-08-07 00:00:00,South,Grocery,7,19.46,0.13,118.4,64.64,53.76
ORD01557,2025-08-09 00:00:00,North,Grocery,13,,0.02,195.99,114.21,81.78
ORD00362,2024-07-24 00:00:00,North,Grocery,7,26.08,0.09,166.0,101.76,64.24
ORD01601,2025-01-22 00:00:00,North,Grocery,6,26.2,0.03,151.84,109.74,42.1
ORD01059,2024-11-08 00:00:00,East,Grocery,6,27.76,0.09,151.97,93.38,58.59
ORD02144,2025-03-14 00:00:00,South,Grocery,5,23.51,0.11,104.61,69.95,34.66
ORD00578,2024-04-21 00:00:00,North,Grocery,8,27.72,0.07,206.69,138.09,68.61
ORD01628,2024-02-28 00:00:00,East,Home,1,50.75,0.09,46.21,25.88,20.33
ORD01549,2025-05-31 00:00:00,West,Home,4,61.14,0.04,235.36,124.92,110.44
ORD00221,2024-09-09 00:00:00,East,Sports,4,39.97,0.02,156.05,83.97,72.08
ORD01597,2024-03-16 00:00:00,South,Grocery,9,27.75,0.04,240.41,138.85,101.57
ORD01106,2025-02-19 00:00:00,West,Clothing,2,58.01,0.14,100.14,59.24,40.89
ORD01582,2025-02-26 00:00:00,North,Grocery,8,8.27,0.06,62.03,38.61,23.42
ORD01275,2024-12-17 00:00:00,South,Grocery,11,34.22,0.08,347.59,231.62,115.97
ORD01491,2025-10-05 00:00:00,North,Clothing,3,40.09,0.01,118.7,62.93,55.76
ORD00415,2024-01-16 00:00:00,West,Clothing,5,40.65,0.05,192.49,109.61,82.88
ORD02050,2024-10-26 00:00:00,South,Sports,2,55.75,0.08,102.57,74.59,27.98
ORD01255,2024-07-17 00:00:00,East,Electronics,1,134.79,0.04,129.98,94.46,35.52
ORD01599,2024-12-13 00:00:00,,Clothing,1,49.1,0.08,45.29,28.36,16.93
ORD01940,2025-11-25 00:00:00,South,Home,5,,0.06,315.52,230.6,84.92
ORD00368,2024-07-18 00:00:00,West,Home,2,89.76,0.18,147.08,106.05,41.03
ORD00496,2024-02-07 00:00:00,South,Home,1,60.14,0.03,58.62,39.59,19.03
ORD00856,2024-03-22 00:00:00,North,Home,2,81.91,0.09,149.39,90.52,58.87
ORD02027,2024-03-04 00:00:00,West,Grocery,9,17.5,0.16,132.73,98.15,34.58
ORD02038,2024-03-08 00:00:00,North,Grocery,7,25.17,0.04,168.84,111.53,57.31
ORD01184,2025-05-29 00:00:00,North,Electronics,5,224.46,0.02,1097.26,763.51,333.75
ORD00505,2024-01-18 00:00:00,South,Clothing,7,55.18,0.08,357.02,239.22,117.8
ORD00177,2024-04-12 00:00:00,West,Home,2,97.64,0.04,186.7,116.04,70.66
ORD01907,2025-08-04 00:00:00,East,Sports,4,60.25,0.01,238.15,176.9,61.25
ORD00911,2025-12-13 00:00:00,South,Electronics,1,106.88,0.04,102.82,77.78,25.04
ORD01345,2024-09-11 00:00:00,North,Grocery,12,28.81,0.05,330.16,249.6,80.56
ORD00958,2024-04-18 00:00:00,South,Grocery,11,34.32,0.02,371.04,200.75,170.29
ORD01285,2025-01-04 00:00:00,North,Clothing,8,53.78,0.02,423.71,310.16,113.55
ORD01195,2025-01-25 00:00:00,East,Grocery,6,23.74,0.06,133.58,80.44,53.15
ORD00984,2025-09-14 00:00:00,West,Sports,6,91.55,0.02,536.45,390.68,145.76
ORD00451,2025-07-18 00:00:00,North,Grocery,9,19.31,1.5,154.03,94.08,59.95
ORD01094,2025-05-27 00:00:00,South,Grocery,4,29.48,0.14,101.89,78.09,23.79
ORD00421,2024-03-09 00:00:00,West,Sports,4,96.53,0.16,325.64,179.82,145.82
ORD01353,2024-11-18 00:00:00,South,Clothing,5,40.07,0.02,195.44,141.39,54.06
ORD01082,not-a-date,East,Sports,5,104.26,0.08,480.26,368.43,111.83
ORD00257,2025-04-29 00:00:00,South,Sports,3,57.95,0.05,165.2,103.45,61.75
ORD01823,2025-05-23 00:00:00,South,Grocery,8,22.4,1.5,164.87,103.74,61.13
ORD00521,2025-04-27 00:00:00,,Home,4,,0.11,410.41,263.83,146.58
ORD01168,2025-05-09 00:00:00,,Clothing,3,51.28,1.5,147.02,77.09,69.93
ORD01530,2025-01-22 00:00:00,,Electronics,3,169.25,0.02,496.73,313.59,183.14
ORD00351,2025-01-24 00:00:00,South,Electronics,2,147.24,0.12,258.54,201.16,57.39
ORD01757,2025-10-12 00:00:00,South,Electronics,-1,202.32,0.13,176.16,131.0,45.16
ORD00524,2025-09-01 00:00:00,North,Clothing,5,43.56,0.08,200.14,119.99,80.15
ORD00386,2024-11-02 00:00:00,North,Grocery,8,32.1,0.04,245.74,189.27,56.48
ORD02127,2024-01-14 00:00:00,North,Home,5,105.5,0.02,516.62,332.45,184.16
ORD01093,2025-04-13 00:00:00,West,Home,4,81.94,0.02,321.05,226.56,94.48
ORD01904,2025-12-26 00:00:00,North,Grocery,12,29.37,0.15,300.42,218.52,81.9
ORD00948,2025-07-14 00:00:00,East,Home,4,124.2,0.01,490.35,285.42,204.94
ORD00175,2024-06-27 00:00:00,West,Sports,3,79.63,0.05,227.74,160.53,67.21
ORD01790,2024-02-29 00:00:00,West,Sports,2,92.04,0.06,172.69,113.24,59.45
ORD00532,2025-01-15 00:00:00,West,Sports,5,70.01,0.08,322.95,247.13,75.82
ORD01980,2025-04-24 00:00:00,East,Electronics,1,170.04,0.04,162.65,107.63,55.02
ORD01594,2024-05-15 00:00:00,West,Home,3,69.8,0.03,202.16,145.45,56.71
ORD00753,2024-07-17 00:00:00,East,Grocery,6,24.59,0.01,145.49,83.23,62.25
ORD00112,2025-12-24 00:00:00,North,Home,2,83.65,0.04,161.2,105.83,55.37
ORD01885,2025-03-05 00:00:00,West,Grocery,9,19.34,0.11,154.94,85.39,69.55
ORD00419,2025-08-30 00:00:00,West,Electronics,2,166.98,0.03,322.66,215.37,107.29
ORD00676,2025-09-19 00:00:00,South,Grocery,10,27.24,0.03,263.35,195.04,68.3
ORD00154,2024-05-11 00:00:00,South,Grocery,4,31.38,0.04,120.11,65.27,54.84
ORD00887,2024-01-22 00:00:00,South,Home,3,79.3,0.05,226.34,141.99,84.35
ORD00044,2025-06-02 00:00:00,North,Grocery,8,27.98,0.05,213.25,123.31,89.94
ORD02137,2024-11-21 00:00:00,South,Clothing,4,52.07,0.0,207.27,135.05,72.23
ORD01647,2025-12-28 00:00:00,East,Home,1,89.49,0.11,79.7,41.82,37.88
ORD01540,2024-03-08 00:00:00,East,Sports,4,59.67,0.08,218.67,166.52,52.16
ORD01413,2025-10-18 00:00:00,West,Sports,5,61.94,0.21,243.87,130.91,112.96
ORD01990,2025-11-18 00:00:00,North,Home,1,66.62,0.05,63.52,34.2,29.32
ORD00004,2025-01-23 00:00:00,South,Sports,3,79.98,0.06,224.77,137.84,86.93
ORD00756,2024-12-05 00:00:00,South,Grocery,6,,0.03,85.55,63.14,22.41
ORD00350,2025-07-25 00:00:00,West,Grocery,8,26.07,0.13,181.82,108.39,73.43
ORD01476,2025-06-04 00:00:00,North,Home,1,60.35,0.04,58.08,37.73,20.35
ORD01869,2024-03-11 00:00:00,West,Clothing,5,55.54,0.06,262.0,192.18,69.82
ORD02034,2024-01-30 00:00:00,East,Electronics,1,144.52,0.11,128.12,97.78,30.34
ORD00304,2024-05-10 00:00:00,West,Grocery,11,33.71,0.02,365.02,249.81,115.21
ORD01784,2024-06-20 00:00:00,West,Grocery,9,25.56,0.11,203.74,138.81,64.93
ORD00072,2024-07-08 00:00:00,North,Home,3,64.94,0.1,174.66,96.0,78.66
ORD01611,2025-11-22 00:00:00,South,Electronics,3,192.14,0.07,537.5,326.14,211.35
ORD01703,2024-11-27 00:00:00,East,Sports,2,109.1,0.03,212.47,155.73,56.75
ORD01076,2025-02-07 00:00:00,North,Grocery,5,28.88,0.03,139.69,79.51,60.18
ORD00851,2024-06-05 00:00:00,West,Home,2,88.79,0.01,176.42,103.59,72.83
ORD00137,2025-10-30 00:00:00,South,Home,2,111.54,0.14,192.07,116.73,75.34
ORD02002,2024-02-08 00:00:00,South,Sports,1,74.73,0.05,70.7,50.37,20.33
ORD00979,2025-08-27 00:00:00,North,Grocery,11,22.91,0.04,242.98,167.86,75.12
ORD00665,2024-02-27 00:00:00,West,Home,3,87.72,0.02,258.58,194.48,64.1
ORD02139,2024-03-28 00:00:00,East,Clothing,4,68.79,0.05,261.34,172.07,89.27
ORD00125,2024-12-18 00:00:00,South,Grocery,9,33.94,0.15,260.14,135.78,124.36
ORD01825,2024-01-22 00:00:00,South,Grocery,9,27.95,0.08,232.15,135.29,96.85
ORD00454,2025-08-26 00:00:00,East,Electronics,2,191.35,0.08,350.23,197.55,152.68
ORD00543,2025-10-28 00:00:00,North,Sports,2,98.57,0.09,179.47,107.98,71.49
ORD00116,2025-01-20 00:00:00,East,Home,4,98.76,0.02,385.47,218.87,166.6
ORD01262,2025-04-13 00:00:00,East,Clothing,4,,0.12,204.51,143.17,61.35
ORD01206,2025-05-25 00:00:00,North,Grocery,8,29.16,0.09,212.96,143.34,69.62
ORD01216,2024-12-10 00:00:00,West,Home,1,80.9,0.08,74.36,52.62,21.74
ORD00104,2024-05-09 00:00:00,South,Clothing,5,47.52,0.12,209.41,135.66,73.75
ORD01614,2024-08-17 00:00:00,South,Clothing,1,55.22,0.08,51.05,31.64,19.42
ORD00298,2025-07-11 00:00:00,West,Grocery,4,39.45,0.04,151.4,96.14,55.26
ORD00842,2024-03-06 00:00:00,South,Electronics,3,278.64,0.04,798.75,614.07,184.68
ORD00051,2025-04-06 00:00:00,West,Clothing,4,51.34,0.04,198.01,145.4,52.6
ORD01481,2024-12-08 00:00:00,West, electronics ,2,30.95,0.07,57.61,31.07,26.54
ORD01319,2025-05-27 00:00:00,South,Home,5,100.84,0.07,470.62,360.07,110.54
ORD01416,2024-03-05 00:00:00,East,Grocery,8,26.16,0.04,200.99,153.78,47.22
ORD01547,2025-11-30 00:00:00,North,Grocery,8,20.78,0.08,153.34,79.76,73.59
ORD00669,2024-05-11 00:00:00,East,Grocery,1,30.97,0.09,28.05,19.74,8.3
ORD00458,2025-06-30 00:00:00,East,Grocery,9,23.19,0.1,187.96,134.33,53.63
ORD00964,2025-05-11 00:00:00,East,Grocery,4,25.66,0.08,94.02,59.01,35.02
ORD00302,2025-08-26 00:00:00,South,Home,4,74.7,0.11,267.03,205.25,61.78
ORD00482,2025-07-26 00:00:00,East,Grocery,8,29.19,0.1,210.09,138.83,71.27
ORD01620,2025-03-10 00:00:00,North,Sports,2,45.07,0.06,84.82,47.94,36.89
ORD00623,2024-06-11 00:00:00,North,Home,6,103.65,0.08,570.3,368.43,201.87
ORD01078,2025-08-17 00:00:00,West,Clothing,1,44.56,0.11,39.82,21.67,18.15
ORD02051,2024-03-04 00:00:00,East,Grocery,5,22.73,0.13,99.35,55.63,43.72
ORD00434,2024-11-18 00:00:00,North,Electronics,1,178.36,0.12,157.68,111.01,46.67
ORD01919,2024-03-28 00:00:00,West,Electronics,1,102.51,0.06,96.47,55.6,40.87
ORD02099,2025-08-02 00:00:00,East,Sports,3,56.12,0.15,143.82,106.13,37.69
ORD01832,2024-09-26 00:00:00,North,Grocery,6,30.77,0.08,169.34,128.79,40.55
ORD02003,2025-05-28 00:00:00,North,Home,3,79.48,0.19,192.48,135.99,56.49
ORD02075,2024-10-27 00:00:00,East,Grocery,8,25.1,0.03,195.46,142.54,52.91
ORD00855,2024-03-06 00:00:00,West,Home,2,56.45,0.11,100.93,55.85,45.08
ORD01630,2025-01-28 00:00:00,North,Clothing,1,51.67,0.06,48.74,34.09,14.65
ORD01566,2024-03-10 00:00:00,West,Clothing,1,53.88,0.05,51.09,33.14,17.95
ORD01263,2024-11-21 00:00:00,North,Sports,1,71.58,0.05,68.16,47.06,21.11
ORD00552,2025-04-08 00:00:00,East,Home,5,56.79,0.17,236.28,149.02,87.27
ORD00003,2024-04-14 00:00:00,,Electronics,1,154.05,0.1,138.64,90.07,48.57
ORD00360,2024-07-20 00:00:00,North,Sports,4,77.95,0.07,290.7,158.42,132.27
ORD00274,2025-04-13 00:00:00,West,Home,2,100.19,0.03,193.66,140.6,53.06
ORD02101,2025-04-01 00:00:00,North,Home,2,98.02,0.13,169.98,107.65,62.33
ORD01145,2024-04-05 00:00:00,East,Grocery,9,45.0,0.08,373.85,276.66,97.19
ORD00480,2025-04-30 00:00:00,South,Home,4,75.23,0.05,285.72,181.1,104.62
ORD01977,2025-01-21 00:00:00,East,Clothing,3,38.32,0.07,106.84,66.42,40.42
ORD00245,2024-01-05 00:00:00,South,Home,4,75.13,0.03,291.93,183.05,108.88
ORD01396,2024-08-16 00:00:00,East,Home,1,,0.06,61.48,42.91,18.57
ORD00194,2024-03-27 00:00:00,East,Grocery,4,19.62,0.08,71.84,49.12,22.72
ORD01224,2024-12-21 00:00:00,West,Electronics,3,180.74,0.2,434.46,296.1,138.36
ORD02043,2024-09-07 00:00:00,South,Grocery,12,29.5,0.0,352.4,221.92,130.48
ORD02085,2024-05-24 00:00:00,West,Home,6,85.98,0.11,458.07,339.07,119.0
ORD00562,2025-08-17 00:00:00,South,Clothing,5,38.38,0.03,185.94,105.37,80.57
ORD01458,2024-05-12 00:00:00,South,Grocery,6,28.4,0.05,162.11,117.86,44.26
ORD01378,2024-07-14 00:00:00,East,Sports,6,68.08,0.03,397.53,282.49,115.04
ORD01785,2025-08-27 00:00:00,South, electronics ,18,22.73,0.1,369.69,206.39,163.3
ORD02186,2025-10-02 00:00:00,East,Home,5,75.23,0.08,344.17,204.69,139.48
ORD01211,2025-02-09 00:00:00,North,Sports,1,61.38,0.07,57.05,35.78,21.26
ORD01393,2025-05-18 00:00:00,South,Grocery,7,27.27,0.01,188.89,101.49,87.4
ORD01739,2024-10-08 00:00:00,West,Sports,3,49.05,0.04,141.8,73.85,67.95
ORD01003,2024-12-12 00:00:00,West,Sports,7,41.04,0.07,268.28,186.72,81.56
ORD00533,2025-11-08 00:00:00,West,Home,1,58.36,0.02,56.98,41.34,15.65
ORD01718,2025-06-06 00:00:00,West,Grocery,8,16.72,0.04,127.77,93.91,33.86
ORD01253,2024-11-09 00:00:00,South,Grocery,3,31.15,0.08,86.15,52.75,33.39
ORD00767,2025-05-13 00:00:00,South,Sports,3,76.93,0.01,227.9,123.0,104.9
ORD00536,2024-08-04 00:00:00,North,Clothing,2,45.79,0.04,88.09,60.82,27.26
ORD01404,2025-04-26 00:00:00,West,Electronics,6,149.85,0.04,867.31,589.17,278.14
ORD00034,2025-12-03 00:00:00,West,Home,3,93.26,0.01,276.57,169.13,107.44
ORD01043,2025-12-23 00:00:00,East,Sports,3,75.12,0.06,212.08,132.39,79.7
ORD00598,2024-05-04 00:00:00,,Home,4,74.11,0.05,281.01,154.38,126.62
ORD00328,2025-11-07 00:00:00,East,Grocery,7,10.28,0.04,68.88,36.87,32.01
ORD01536,2024-04-04 00:00:00,West,Grocery,9,14.62,0.09,120.16,91.62,28.54
ORD00269,not-a-date,South,Grocery,-1,,0.16,126.99,87.99,39.0
ORD01685,2024-02-02 00:00:00,West,Home,1,106.32,0.07,99.03,57.13,41.89
ORD01018,2025-11-14 00:00:00,West,Sports,5,75.74,0.14,324.47,186.83,137.64
ORD01276,2024-02-07 00:00:00,North,Home,1,78.53,0.04,75.03,56.76,18.27
ORD01558,2024-05-09 00:00:00,West,Clothing,5,57.27,0.02,280.73,195.48,85.25
ORD00722,2025-01-24 00:00:00,South,Sports,5,87.39,0.07,406.7,311.69,95.01
ORD01711,2024-04-28 00:00:00,North,Sports,3,70.18,0.12,186.04,131.19,54.85
ORD00214,2024-11-24 00:00:00,East,Electronics,4,194.07,0.04,743.82,465.42,278.4
ORD00080,2025-03-25 00:00:00,West,Electronics,1,208.41,0.22,163.23,93.29,69.94
ORD01701,2024-09-10 00:00:00,East,Clothing,6,37.4,0.1,202.72,131.98,70.74
ORD02157,2024-02-06 00:00:00,East,Clothing,2,55.56,0.07,103.47,68.61,34.86
ORD01665,2024-01-24 00:00:00,North,Home,5,88.85,0.03,432.73,264.2,168.53
ORD01052,2024-06-13 00:00:00,North,Clothing,2,54.31,0.03,104.82,78.83,25.99
ORD01550,2024-04-26 00:00:00,South,Home,2,105.18,0.13,182.62,122.04,60.58
ORD02102,2025-01-26 00:00:00,North,Clothing,4,51.19,0.13,178.55,104.04,74.52
ORD01813,2025-10-15 00:00:00,East,Clothing,1,43.74,0.08,40.22,30.49,9.73
ORD00690,not-a-date,West,Sports,4,84.04,0.03,326.09,219.05,107.04
ORD01737,2024-06-17 00:00:00,West,Grocery,4,29.62,0.09,108.14,64.26,43.88
ORD00523,2025-09-22 00:00:00,East,Home,1,122.78,0.16,103.62,74.15,29.47
ORD01203,2024-08-12 00:00:00,South,Clothing,7,49.15,0.13,299.4,174.45,124.95
ORD00742,2025-07-07 00:00:00,West,Electronics,3,151.15,0.13,393.88,283.54,110.34
ORD01111,2025-10-30 00:00:00,North,Clothing,2,58.86,0.1,105.59,57.11,48.49
ORD01562,2024-08-22 00:00:00,South, electronics ,5,63.51,0.07,296.45,194.87,101.58
ORD01072,2024-07-20 00:00:00,North,Home,5,73.24,0.02,358.37,197.56,160.8
ORD00043,2025-12-02 00:00:00,East,Grocery,9,31.35,0.01,278.61,198.01,80.6
ORD01196,2024-12-25 00:00:00,North,Electronics,1,212.35,0.01,210.0,157.02,52.98
ORD00870,2024-05-07 00:00:00,West,Grocery,5,23.44,0.03,113.61,78.87,34.75
ORD00241,2025-08-11 00:00:00,West,Home,2,74.99,0.12,132.09,81.78,50.3
ORD01502,2025-05-12 00:00:00,South,Clothing,4,76.1,0.1,272.95,147.14,125.8
ORD00485,2024-11-08 00:00:00,West,Home,4,84.71,0.02,332.2,193.39,138.81
ORD00244,2024-02-25 00:00:00,North,Grocery,12,29.51,0.04,340.02,186.29,153.73
ORD00344,2024-12-28 00:00:00,North,Clothing,5,58.42,0.09,266.49,171.37,95.12
ORD01454,2025-08-20 00:00:00,South,Home,1,94.99,0.05,90.16,55.75,34.4
ORD00766,2025-06-05 00:00:00,East,Grocery,4,23.16,0.04,89.22,52.56,36.67
ORD01384,2024-10-07 00:00:00,West,Clothing,2,64.72,0.02,126.33,92.85,33.48
ORD00630,2025-11-14 00:00:00,West,Home,1,121.98,0.02,119.64,67.99,51.65
ORD01383,2024-07-01 00:00:00,East,Electronics,1,236.49,0.1,214.02,132.71,81.31
ORD01360,2024-09-30 00:00:00,South,Sports,3,37.5,0.1,101.66,71.55,30.12
ORD01915,2025-09-11 00:00:00,East,Sports,5,59.58,0.01,293.7,167.18,126.51
ORD00821,2024-09-15 00:00:00,East,Grocery,9,16.33,0.11,131.12,92.61,38.51
ORD00940,2025-11-24 00:00:00,North,Sports,3,50.62,0.07,141.02,93.95,47.07
ORD00914,2024-07-20 00:00:00,West,Home,3,82.16,0.15,208.98,145.65,63.32
ORD00276,2025-09-29 00:00:00,South,Clothing,5,62.46,0.07,290.08,187.42,102.66
ORD01734,2025-03-23 00:00:00,West,Grocery,8,24.26,0.06,182.22,120.51,61.71
ORD01198,2025-05-13 00:00:00,North,Home,4,91.3,0.08,334.94,221.66,113.28
ORD02024,2025-02-07 00:00:00,West,Grocery,8,26.58,0.01,210.93,135.43,75.5
ORD01220,2025-08-21 00:00:00,South,Grocery,12,22.35,0.06,253.45,140.73,112.72
ORD02089,2025-01-31 00:00:00,East, electronics ,1,80.22,0.06,75.4,48.72,26.68
ORD00760,2025-03-15 00:00:00,North,Electronics,4,146.32,0.04,559.96,330.17,229.79
ORD01590,2024-01-20 00:00:00,North,Clothing,6,45.83,0.08,254.22,193.07,61.15
ORD01386,2025-01-08 00:00:00,East,Clothing,1,61.06,0.04,58.81,42.16,16.64
ORD00840,2025-01-05 00:00:00,South,Home,3,,0.02,213.72,161.91,51.81
ORD01469,2025-12-20 00:00:00,East,Grocery,7,30.7,0.12,188.85,137.48,51.37
ORD01686,2024-11-04 00:00:00,East,Clothing,2,81.23,0.2,130.53,70.28,60.25
ORD01736,2024-12-16 00:00:00,West,Home,2,107.04,0.04,205.13,126.8,78.33
ORD00073,2025-03-03 00:00:00,West,Sports,3,48.71,0.07,136.38,72.29,64.09
ORD01252,2025-11-18 00:00:00,East,Clothing,3,59.15,0.05,168.11,104.56,63.55
ORD00398,2025-07-04 00:00:00,West,Clothing,8,33.04,1.5,256.48,150.53,105.95
ORD01460,2025-10-12 00:00:00,West,Clothing,7,58.75,0.1,371.23,282.27,88.96
ORD01065,2024-12-29 00:00:00,South,Grocery,9,21.46,0.01,190.81,124.07,66.74
ORD01493,2025-07-22 00:00:00,,Sports,4,103.48,0.09,375.38,214.6,160.78
ORD01922,2025-04-25 00:00:00,North,Clothing,7,29.4,0.08,188.68,105.8,82.88
ORD02074,2024-06-14 00:00:00,West,Sports,2,63.77,0.09,116.24,85.56,30.68
ORD01528,2025-11-09 00:00:00,West,Home,2,81.64,0.11,145.16,91.12,54.04
ORD02179,2024-03-03 00:00:00,South,Sports,1,61.17,0.05,58.09,43.49,14.6
ORD01826,2024-06-11 00:00:00,,Sports,4,55.57,0.03,215.68,163.22,52.46
ORD01110,not-a-date,South,Electronics,4,188.31,0.08,692.43,506.73,185.71
ORD02067,2025-04-06 00:00:00,South,Sports,1,66.68,0.05,63.61,43.54,20.07
ORD02197,2024-06-17 00:00:00,East,Electronics,2,192.95,0.01,381.65,251.46,130.2
ORD02011,2025-10-09 00:00:00,East,Home,5,,0.19,323.14,210.71,112.43
ORD00449,2025-07-16 00:00:00,North,Sports,3,87.33,0.16,219.37,150.93,68.44
ORD00992,2025-03-10 00:00:00,East,Home,5,68.06,0.04,325.05,219.59,105.46
ORD02092,2024-07-03 00:00:00,South,Grocery,14,19.15,0.09,244.41,173.17,71.23
ORD00488,2024-01-08 00:00:00,East,Grocery,9,22.79,0.12,179.84,125.93,53.91
ORD02029,2025-09-06 00:00:00,East,Grocery,4,17.78,0.2,56.88,32.99,23.89
ORD00891,2024-06-30 00:00:00,West,Electronics,1,232.28,0.07,216.8,163.32,53.48
ORD00142,2024-07-03 00:00:00,North,Clothing,4,71.2,0.07,265.67,164.16,101.51
ORD01721,not-a-date,South,Grocery,10,31.86,0.07,295.37,223.31,72.07
ORD00472,2024-01-16 00:00:00,West,Grocery,13,26.25,0.06,320.25,200.1,120.14
ORD00065,2024-02-23 00:00:00,West,Home,1,55.1,0.01,54.63,33.79,20.85
ORD01047,2025-09-07 00:00:00,East,Home,5,83.6,0.05,398.68,232.28,166.4
ORD00333,2025-06-30 00:00:00,East, electronics ,2,23.92,0.06,44.97,33.39,11.58
ORD00165,2024-11-14 00:00:00,East,Clothing,3,51.8,0.06,145.67,109.02,36.65
ORD00863,2024-04-02 00:00:00,East,Sports,2,,0.08,142.45,87.5,54.95
ORD01688,2025-03-11 00:00:00,North,Home,6,85.63,0.1,462.32,289.49,172.83
ORD01752,2024-07-13 00:00:00,South,Clothing,4,,0.03,235.22,163.57,71.65
ORD00414,2024-09-12 00:00:00,South,Home,5,71.1,0.09,324.55,200.8,123.75
ORD01639,2024-01-18 00:00:00,South,Electronics,1,205.83,0.22,159.65,84.93,74.73
ORD02040,2024-01-22 00:00:00,North,Home,2,78.61,0.01,156.01,100.55,55.46
ORD01314,2025-09-19 00:00:00,East,Grocery,8,14.91,0.14,102.85,78.1,24.75
ORD00083,2025-10-10 00:00:00,South,Grocery,8,27.53,0.15,187.58,112.44,75.14
ORD00565,2024-05-27 00:00:00,East,Electronics,8,278.46,0.05,2117.69,1321.47,796.22
ORD02008,2025-07-01 00:00:00,West,Grocery,5,24.45,0.02,119.69,84.95,34.74
ORD00888,2024-09-01 00:00:00,South,Grocery,13,21.35,0.1,250.4,171.68,78.72
ORD01260,2024-10-21 00:00:00,South,Home,3,88.08,0.02,258.23,186.47,71.76
ORD01453,2024-12-12 00:00:00,North,Grocery,6,14.37,0.1,77.21,56.06,21.15
ORD02189,2025-01-24 00:00:00,West,Clothing,1,53.79,0.13,46.63,30.36,16.27
ORD01422,2024-02-19 00:00:00,West,Grocery,7,40.66,0.02,278.09,198.41,79.68
ORD00271,not-a-date,South,Grocery,8,20.12,0.1,144.45,85.58,58.87
ORD01172,2024-11-17 00:00:00,West,Clothing,4,35.57,0.1,127.86,99.34,28.52
ORD02196,2024-12-28 00:00:00,North,Clothing,1,48.26,0.06,45.35,35.16,10.19
ORD02146,2025-09-16 00:00:00,North,Sports,8,49.07,0.14,339.23,196.43,142.81
ORD01097,2024-07-24 00:00:00,East,Grocery,14,30.74,0.04,413.69,264.0,149.69
ORD00808,2024-05-30 00:00:00,South,Grocery,9,32.83,0.03,285.46,202.94,82.52
ORD01431,2024-03-16 00:00:00,North,Electronics,1,204.24,0.03,197.2,121.26,75.93
ORD00129,2025-05-12 00:00:00,West,Clothing,3,43.14,0.14,111.24,71.41,39.83
ORD01456,2025-12-17 00:00:00,North,Sports,6,80.7,0.06,454.13,352.3,101.83
ORD00726,2024-05-13 00:00:00,West,Electronics,3,209.22,0.05,595.87,441.99,153.88
ORD00691,2025-10-30 00:00:00,North,Electronics,3,157.59,0.03,457.21,308.43,148.79
ORD00183,2025-11-20 00:00:00,North,Home,2,92.72,0.11,165.38,124.27,41.11
ORD02062,2025-10-27 00:00:00,South,Clothing,4,75.24,0.04,289.84,187.6,102.24
ORD01025,2025-08-01 00:00:00,South,Sports,1,62.16,0.07,58.07,34.32,23.75
ORD01329,2024-10-05 00:00:00,South,Sports,7,93.42,0.1,591.51,421.53,169.98
ORD01152,2025-02-26 00:00:00,East,Electronics,3,182.1,0.07,510.68,318.93,191.74
ORD00783,not-a-date,West,Clothing,5,52.7,1.5,243.68,174.82,68.86
ORD00365,2025-06-29 00:00:00,North,Clothing,5,71.79,0.03,347.12,217.65,129.47
ORD01240,2024-07-24 00:00:00,West,Clothing,5,73.08,0.06,341.79,258.72,83.07
ORD00743,2025-01-18 00:00:00,South,Grocery,4,18.7,0.05,71.16,38.01,33.15
ORD00331,2024-04-26 00:00:00,North,Clothing,1,51.87,0.05,49.22,37.01,12.21
ORD00397,2025-03-02 00:00:00,West,Home,2,63.15,0.12,111.11,75.59,35.52
ORD01954,2024-07-08 00:00:00,East,Electronics,1,180.33,0.2,145.1,111.2,33.91
ORD01157,2025-07-03 00:00:00,East,Home,4,73.75,0.04,282.61,152.49,130.13
ORD01962,2024-05-31 00:00:00,South,Home,2,78.09,0.02,152.87,86.02,66.86
ORD00795,2024-12-01 00:00:00,,Grocery,18,22.78,0.03,399.6,269.72,129.88
ORD02073,2024-01-26 00:00:00,South,Grocery,11,,0.05,361.53,264.62,96.91
ORD01273,2024-05-22 00:00:00,South,Electronics,2,195.34,0.07,364.68,260.57,104.11
ORD00555,2024-11-24 00:00:00,North,Electronics,2,231.3,0.07,431.04,312.97,118.07
ORD01002,2025-12-31 00:00:00,North,Clothing,2,45.64,0.01,90.46,56.82,33.65
ORD00549,2025-04-22 00:00:00,South,Electronics,1,184.95,0.01,182.36,127.35,55.01
ORD02053,2024-08-19 00:00:00,East,Sports,2,70.14,0.1,125.77,94.48,31.29
ORD00718,2025-07-24 00:00:00,West,Home,1,114.38,0.07,105.88,61.81,44.07
ORD01578,2025-07-30 00:00:00,East,Clothing,3,78.91,0.04,226.47,141.49,84.98
ORD01827,2024-11-03 00:00:00,North,Clothing,6,41.37,0.08,227.98,148.48,79.5
ORD02193,2024-04-24 00:00:00,North, electronics ,10,25.68,0.12,227.16,127.07,100.09
ORD01598,2024-03-18 00:00:00,West,Grocery,6,23.05,0.1,123.84,75.42,48.42
ORD01118,2024-08-07 00:00:00,West,Grocery,4,,0.06,134.55,82.92,51.63
ORD00251,2024-08-12 00:00:00,West,Electronics,1,203.07,0.06,191.08,137.57,53.51
ORD01880,2025-01-05 00:00:00,South,Clothing,6,49.87,0.07,279.08,201.14,77.94
ORD01368,2024-05-23 00:00:00,West,Home,3,44.06,0.14,114.08,81.15,32.93
ORD01334,2025-04-26 00:00:00,South,Home,1,70.02,0.04,67.16,44.81,22.34
ORD01743,2025-01-16 00:00:00,East,Clothing,4,70.94,0.0,283.43,208.9,74.53
ORD01202,2024-07-07 00:00:00,East,Home,3,,0.04,320.54,167.37,153.18
ORD00600,2024-05-10 00:00:00,North,Home,5,95.46,0.12,419.64,262.43,157.21
ORD00070,2025-05-04 00:00:00,West,Clothing,4,59.39,0.13,207.31,138.19,69.12
ORD01847,not-a-date,West,Home,1,77.07,0.14,66.4,44.16,22.24
ORD01761,2024-10-27 00:00:00,South,Home,2,42.87,0.01,84.52,51.02,33.5
ORD00975,2025-05-08 00:00:00,South,Grocery,7,28.0,0.05,185.38,111.47,73.92
ORD00015,2024-05-21 00:00:00,West,Grocery,4,23.86,0.06,89.39,50.05,39.34
ORD00581,2025-05-20 00:00:00,South,Clothing,8,80.9,0.05,614.83,441.35,173.48
ORD00547,2024-08-07 00:00:00,North,Clothing,3,52.07,0.05,148.45,80.16,68.28
ORD00653,2024-01-25 00:00:00,East,Clothing,1,62.17,0.08,57.33,34.57,22.77
ORD00216,2024-04-20 00:00:00,North,Home,5,,0.11,300.2,212.91,87.28
ORD01969,2025-05-31 00:00:00,East,Grocery,15,31.13,0.04,450.35,263.88,186.47
ORD00779,2024-01-11 00:00:00,West,Sports,3,97.62,0.06,276.1,162.45,113.65
ORD01523,2024-12-31 00:00:00,West,Home,-1,80.41,0.07,375.42,267.68,107.75
ORD01989,2025-08-10 00:00:00,North,Sports,1,96.62,0.08,89.12,65.17,23.94
ORD01150,2024-06-24 00:00:00,North,Grocery,11,19.57,0.04,206.1,126.55,79.56
ORD01092,2025-09-21 00:00:00,,Clothing,2,43.43,0.06,81.48,54.61,26.86
ORD02077,2024-11-01 00:00:00,South,Home,2,91.17,0.09,165.82,119.97,45.85
ORD01925,2024-05-12 00:00:00,East,Clothing,4,,0.06,276.06,185.66,90.4
ORD00826,2025-07-21 00:00:00,East,Home,5,94.68,0.07,441.73,335.91,105.81
ORD00263,2024-10-21 00:00:00,West,Home,4,84.11,0.04,323.29,192.15,131.15
ORD00380,2024-02-19 00:00:00,South,Clothing,4,56.0,0.04,215.53,125.01,90.52
ORD00234,2024-03-02 00:00:00,North,Clothing,6,51.32,0.09,281.65,169.44,112.21
ORD00447,2025-05-04 00:00:00,East,Electronics,3,173.92,0.1,468.33,250.18,218.15
ORD01012,2025-10-09 00:00:00,West,Grocery,8,31.59,0.16,212.21,113.57,98.64
ORD00882,2024-04-01 00:00:00,East,Electronics,3,254.08,0.07,707.54,519.83,187.71
ORD01119,2024-03-04 00:00:00,North,Grocery,11,21.51,0.07,219.14,129.76,89.38
ORD01324,2024-07-12 00:00:00,East,Home,3,,0.02,247.95,173.87,74.08
ORD00897,2025-12-20 00:00:00,North,Grocery,7,17.68,0.03,119.64,64.05,55.59
ORD00950,2025-12-25 00:00:00,East,Home,1,88.28,0.11,78.83,53.26,25.57
ORD01392,2025-06-13 00:00:00,,Grocery,7,27.44,0.14,164.98,86.68,78.3
ORD00554,2025-03-19 00:00:00,West,Home,3,91.33,0.18,223.31,166.37,56.94
ORD00445,2025-06-20 00:00:00,North,Home,3,104.15,0.01,308.14,210.38,97.76
ORD01484,2025-02-08 00:00:00,West,Home,5,74.88,0.12,328.1,220.94,107.16
ORD01920,2025-12-17 00:00:00,South,Grocery,7,19.22,0.08,123.79,78.59,45.2
ORD00119,2024-05-27 00:00:00,West,Clothing,4,48.62,0.05,183.84,123.69,60.15
ORD00839,2025-01-01 00:00:00,East,Grocery,8,19.64,0.1,141.58,83.05,58.53
ORD01365,2025-05-20 00:00:00,East,Grocery,7,31.73,0.03,215.38,163.99,51.39
ORD01911,2025-01-03 00:00:00,West,Grocery,10,,0.1,202.27,124.41,77.86
ORD01462,2024-11-22 00:00:00,East,Clothing,6,34.65,0.08,190.77,119.69,71.08
ORD00514,2025-12-08 00:00:00,West,Grocery,7,20.98,0.2,117.81,87.3,30.51
ORD01976,2024-05-06 00:00:00,North,Grocery,11,16.51,0.01,180.11,137.13,42.98
ORD02140,2025-11-29 00:00:00,South,Electronics,2,112.23,0.06,210.64,160.12,50.52
ORD00811,2025-02-03 00:00:00,North,Sports,3,85.29,0.18,210.16,143.63,66.53
ORD00159,2025-10-21 00:00:00,East,Home,2,84.17,0.04,162.18,100.89,61.29
ORD02035,2024-11-14 00:00:00,South,Sports,2,,0.05,118.72,74.34,44.38
ORD00538,2025-08-02 00:00:00,North,Home,3,63.9,0.04,183.15,132.08,51.07
ORD00002,2025-05-26 00:00:00,North,Electronics,1,,0.02,76.88,50.5,26.39
ORD01912,2024-09-10 00:00:00,West,Grocery,5,40.86,0.08,187.94,98.07,89.88
ORD01879,2024-05-15 00:00:00,South,Grocery,10,26.21,0.03,253.66,197.07,56.59
ORD01621,2025-04-07 00:00:00,East,Sports,2,91.5,0.07,170.31,105.83,64.49
ORD00190,2025-08-11 00:00:00,East, electronics ,3,160.67,0.12,424.45,271.99,152.47
ORD00343,2024-09-03 00:00:00,West,Grocery,7,22.63,0.06,149.01,91.67,57.34
ORD01798,2025-02-11 00:00:00,East,Sports,3,90.95,0.03,265.73,175.44,90.29
ORD00860,2024-09-19 00:00:00,East,Electronics,2,188.16,0.07,348.22,226.45,121.77
ORD01042,2024-01-15 00:00:00,North,Electronics,1,174.26,0.03,169.5,95.43,74.07
ORD01842,2025-12-05 00:00:00,North,Grocery,14,16.43,0.1,207.36,116.75,90.6
ORD01667,2025-08-06 00:00:00,,Electronics,1,229.3,0.09,207.57,137.15,70.43
ORD01032,2024-03-26 00:00:00,North,Electronics,1,251.54,0.14,217.45,130.82,86.64
ORD00097,2025-12-26 00:00:00,North,Home,1,110.88,0.09,100.55,62.64,37.91
ORD01194,2025-11-25 00:00:00,North,Home,2,54.39,0.03,105.58,61.62,43.97
ORD00240,2024-06-24 00:00:00,North,Grocery,4,31.53,0.14,109.06,72.8,36.26
ORD00134,2024-10-30 00:00:00,North,Home,4,85.6,0.04,329.28,225.63,103.64
ORD01783,2025-07-14 00:00:00,South,Grocery,7,20.98,1.5,131.35,75.55,55.8
ORD01585,2024-05-12 00:00:00,North,Electronics,2,155.45,0.06,290.78,194.01,96.78
ORD01981,2025-05-27 00:00:00,South,Sports,-1,79.4,0.02,77.98,43.72,34.25
ORD00199,2024-04-30 00:00:00,East,Grocery,6,36.13,0.03,210.75,148.65,62.1
ORD01997,2025-07-04 00:00:00,South, electronics ,5,26.75,0.03,129.76,97.3,32.46
ORD01239,2024-06-14 00:00:00,West,Sports,1,60.33,0.13,52.55,34.73,17.82
ORD01167,2024-01-10 00:00:00,West,Home,3,68.53,0.04,196.77,109.85,86.92
ORD01723,2024-07-11 00:00:00,North,Grocery,8,22.21,0.01,175.27,105.17,70.11
ORD00697,2025-03-19 00:00:00,North,Clothing,5,46.29,0.06,218.62,158.67,59.94
ORD01941,2024-11-02 00:00:00,South,Home,5,55.4,0.04,264.81,152.63,112.18
ORD01373,2025-09-05 00:00:00,East,Grocery,7,18.33,0.18,104.81,73.1,31.7
ORD01212,2025-09-04 00:00:00,,Sports,6,86.33,0.05,494.6,371.35,123.25
ORD01485,2025-11-12 00:00:00,East,Grocery,4,18.37,0.06,68.87,47.29,21.58
ORD01829,2024-11-09 00:00:00,East,Grocery,4,12.81,0.14,44.02,31.56,12.46
ORD00158,2024-04-13 00:00:00,West,Grocery,7,20.95,0.15,125.33,74.7,50.63
ORD01675,2024-06-21 00:00:00,West,Home,7,60.52,0.05,401.06,261.22,139.84
ORD01873,2025-11-11 00:00:00,East,Electronics,4,264.45,0.09,959.48,504.62,454.86
ORD01293,2024-04-15 00:00:00,North,Grocery,10,17.29,0.08,159.52,119.96,39.57
ORD01625,2024-01-28 00:00:00,North,Electronics,1,121.84,0.05,115.22,82.66,32.56
ORD00968,2024-09-28 00:00:00,West,Grocery,5,23.09,0.03,111.39,78.78,32.62
ORD01945,2025-07-22 00:00:00,North,Grocery,17,29.76,0.06,474.41,369.48,104.93
ORD00066,2024-11-01 00:00:00,South,Home,1,93.22,0.02,91.58,59.63,31.95
ORD00064,2025-06-25 00:00:00,North,Grocery,10,26.71,0.08,245.12,128.36,116.76
ORD01050,2024-03-16 00:00:00,South,Home,6,75.96,0.19,371.12,218.62,152.5
ORD01654,2025-11-23 00:00:00,East,Clothing,3,32.07,0.08,88.22,46.06,42.16
ORD00384,2024-11-11 00:00:00,North,Sports,2,59.13,0.03,114.79,65.79,49.0
ORD00436,2025-10-05 00:00:00,North,Grocery,10,16.85,0.13,146.57,85.97,60.59
ORD00151,2024-06-25 00:00:00,South,Home,4,59.75,0.09,218.58,140.52,78.06
ORD01510,2024-08-07 00:00:00,South,Home,3,65.31,0.04,188.07,105.08,82.99
ORD01728,2025-02-20 00:00:00,North,Clothing,4,54.65,0.12,192.7,144.7,48.01
ORD02026,2024-08-13 00:00:00,South,Clothing,4,66.84,0.03,259.09,137.49,121.59
ORD01149,2024-09-19 00:00:00,East,Clothing,1,48.56,0.12,42.61,30.39,12.21
ORD00702,2025-09-24 00:00:00,South,Clothing,4,31.38,0.03,121.79,64.29,57.5
ORD00490,2024-03-28 00:00:00,East,Home,-1,107.84,0.04,412.52,304.78,107.75
ORD01268,2025-01-12 00:00:00,West,Clothing,2,68.56,0.07,128.12,96.72,31.4
ORD01760,2025-04-16 00:00:00,West,Sports,1,105.22,0.07,98.03,55.37,42.67
ORD00336,2024-04-04 00:00:00,North,Electronics,1,215.24,0.05,203.59,122.94,80.65
ORD01663,2025-06-17 00:00:00,South,Clothing,4,74.07,0.06,279.66,158.57,121.09
ORD01209,2024-05-18 00:00:00,South,Electronics,1,138.93,0.06,131.17,70.59,60.57
ORD01871,2024-02-24 00:00:00,South,Electronics,1,219.3,0.11,194.35,138.24,56.11
ORD02165,2025-11-17 00:00:00,East,Grocery,6,23.88,0.01,142.24,77.35,64.89
ORD00025,2025-12-24 00:00:00,North,Home,7,113.98,0.07,743.08,419.21,323.87
ORD00292,2025-09-18 00:00:00,North,Clothing,7,53.34,0.1,335.28,193.29,141.99
ORD00330,2024-02-08 00:00:00,South,Grocery,6,30.08,0.02,176.21,128.26,47.95
ORD00980,2024-10-19 00:00:00,South,Clothing,2,60.49,0.02,118.74,62.74,56.0
ORD00334,2024-04-30 00:00:00,East,Home,3,95.82,0.12,251.55,157.92,93.63
ORD00899,2024-10-25 00:00:00,West,Home,2,71.44,0.08,131.97,91.87,40.1
ORD01661,2025-08-04 00:00:00,,Home,1,,0.14,98.47,68.32,30.15
ORD01437,2024-01-13 00:00:00,South,Home,7,117.0,0.07,764.46,525.55,238.91
ORD01005,2024-05-22 00:00:00,North,Grocery,11,33.91,0.04,358.79,208.27,150.52
ORD00357,2025-04-17 00:00:00,North,Clothing,9,48.57,0.13,379.76,281.81,97.95
ORD02046,2024-08-10 00:00:00,East,Clothing,4,48.17,0.04,185.38,136.56,48.82
ORD01291,2024-04-08 00:00:00,North,Home,4,88.19,1.5,332.02,232.7,99.32
ORD01514,2024-02-29 00:00:00,West,Sports,3,101.95,0.09,278.92,145.16,133.76
ORD00376,2025-11-25 00:00:00,South,Home,2,70.1,0.12,123.78,65.57,58.21
ORD01340,2024-04-06 00:00:00,East,Grocery,13,29.78,0.1,350.23,200.32,149.91
ORD01455,2024-03-17 00:00:00,East,Sports,3,78.09,0.06,220.31,151.93,68.38
ORD01282,2025-10-07 00:00:00,South,Clothing,7,,0.06,522.57,303.15,219.42
ORD00611,2024-06-29 00:00:00,East,Clothing,5,49.37,0.08,226.86,173.9,52.96
ORD00022,2025-05-31 00:00:00,East,Clothing,4,38.75,0.03,150.69,96.67,54.01
ORD00762,2025-07-24 00:00:00,South,Electronics,1,234.15,0.05,223.21,140.68,82.54
ORD01786,2024-11-07 00:00:00,South,Grocery,5,,0.08,150.55,81.3,69.25
ORD01029,2025-10-13 00:00:00,North,Clothing,3,60.81,0.02,179.68,111.26,68.41
ORD01336,2025-01-09 00:00:00,North,Electronics,1,168.17,0.12,148.8,106.52,42.29
ORD01130,2025-02-18 00:00:00,West,Electronics,1,118.95,0.09,108.47,57.46,51.02
ORD01229,2025-01-09 00:00:00,South,Grocery,3,18.0,0.03,52.17,29.04,23.13
ORD00060,2025-12-19 00:00:00,West,Electronics,2,116.78,0.15,199.41,120.49,78.92
ORD01447,2025-12-05 00:00:00,West,Grocery,10,26.4,0.1,236.97,157.08,79.89
ORD01146,2025-09-30 00:00:00,West,Clothing,4,35.9,0.11,128.51,84.06,44.45
ORD01067,2024-06-27 00:00:00,East,Home,4,80.92,0.04,309.16,174.04,135.13
ORD00580,2025-08-24 00:00:00,West,Clothing,6,57.28,0.09,311.42,164.55,146.87
ORD00439,2025-09-08 00:00:00,West,Home,2,77.82,0.09,141.1,99.47,41.63
ORD00364,2025-09-13 00:00:00,South,Clothing,1,99.11,0.01,97.92,65.0,32.93
ORD00094,2025-05-28 00:00:00,North,Clothing,2,44.36,0.04,85.38,64.65,20.73
ORD00118,2025-07-04 00:00:00,South,Clothing,4,47.55,0.02,185.97,119.08,66.89
ORD00494,2024-12-31 00:00:00,West,Home,5,96.67,0.1,436.98,275.88,161.1
ORD00309,2025-01-22 00:00:00,East,Grocery,11,20.63,0.07,210.33,163.89,46.43
ORD01325,2025-07-07 00:00:00,South,Clothing,6,45.06,0.04,260.71,182.28,78.43
ORD01278,not-a-date,East,Sports,3,39.98,0.05,114.5,87.04,27.46
ORD01901,2025-05-13 00:00:00,West,Sports,4,54.24,0.15,184.19,139.76,44.43
ORD00556,2025-03-02 00:00:00,,Electronics,1,210.9,0.03,203.54,131.14,72.41
ORD00144,2024-09-03 00:00:00,North,Grocery,4,21.73,0.07,81.22,45.24,35.97
ORD01615,2024-04-19 00:00:00,West,Grocery,8,25.91,0.05,197.32,135.13,62.18
ORD00822,2025-02-07 00:00:00,North,Grocery,6,13.81,0.06,78.22,47.17,31.04
ORD01439,2025-09-29 00:00:00,North,Home,5,104.26,0.05,496.61,342.99,153.62
ORD01140,2024-10-06 00:00:00,South,Clothing,7,51.72,0.09,331.2,179.77,151.44
ORD01635,2024-12-20 00:00:00,North,Sports,3,113.77,0.08,313.36,194.92,118.44
ORD00931,2024-07-01 00:00:00,South,Clothing,5,40.95,0.09,186.63,127.54,59.09
ORD00275,2025-06-04 00:00:00,South,Home,5,,0.01,481.79,368.43,113.36
ORD01959,2025-11-14 00:00:00,South,Electronics,3,152.33,0.07,426.28,303.29,123.0
ORD01450,2024-10-04 00:00:00,North,Electronics,1,168.11,0.11,149.07,90.56,58.51
ORD02025,2025-12-05 00:00:00,West,Electronics,1,140.17,0.06,131.1,70.87,60.23
ORD01740,2025-06-13 00:00:00,West,Grocery,7,24.7,0.17,143.99,101.86,42.13
ORD00442,2024-09-20 00:00:00,North,Sports,3,82.37,0.02,243.05,146.92,96.13
ORD00836,2024-08-25 00:00:00,West,Clothing,1,69.68,0.07,64.79,42.33,22.46
ORD00741,2024-12-24 00:00:00,North,Electronics,1,169.51,0.06,159.61,109.79,49.83
ORD02169,2024-04-04 00:00:00,East,Electronics,2,231.19,0.01,459.64,288.96,170.68
ORD00736,2024-11-02 00:00:00,East,Electronics,1,242.51,0.05,231.35,165.47,65.88
ORD01845,2025-11-20 00:00:00,West,Home,5,75.62,0.1,338.75,248.12,90.63
ORD01115,2025-08-10 00:00:00,North,Sports,2,91.47,0.12,161.19,105.61,55.58
ORD01806,2024-09-18 00:00:00,East,Grocery,5,23.92,0.11,105.96,67.83,38.13
ORD00943,2025-09-13 00:00:00,South,Sports,-1,69.65,0.05,395.28,255.26,140.02
ORD01498,2024-04-13 00:00:00,South,Sports,9,103.86,0.03,906.65,551.36,355.29
ORD00452,2024-05-01 00:00:00,West,Grocery,10,26.38,0.05,251.54,151.34,100.2
ORD01341,2024-07-01 00:00:00,West,Electronics,1,144.4,0.06,135.15,78.42,56.73
ORD00661,2025-07-15 00:00:00,South,Sports,3,96.39,0.17,238.76,157.84,80.92
ORD01978,2024-03-26 00:00:00,North,Grocery,5,28.47,0.19,114.62,71.59,43.04
ORD01767,2025-03-23 00:00:00,South,Home,2,58.59,0.04,112.42,83.75,28.67
ORD00242,2024-12-27 00:00:00,South,Grocery,7,15.85,0.02,108.57,65.69,42.88
ORD00612,2025-01-17 00:00:00,East,Home,4,38.03,0.07,142.11,93.58,48.53
ORD00813,2024-02-13 00:00:00,South,Grocery,12,28.59,0.05,324.73,176.09,148.64
ORD01927,2024-11-30 00:00:00,South,Electronics,4,148.1,0.15,503.23,309.99,193.24
ORD00886,2024-01-01 00:00:00,North,Home,2,117.91,0.03,229.91,130.5,99.41
ORD01088,2024-06-28 00:00:00,South,Electronics,3,205.22,0.11,549.52,315.63,233.89
ORD01693,2025-05-22 00:00:00,West,Clothing,3,29.21,0.05,83.67,50.47,33.2
ORD00557,2024-04-11 00:00:00,South,Electronics,1,146.09,0.02,143.55,101.35,42.19
ORD00820,2024-10-10 00:00:00,East,Electronics,1,168.26,0.1,150.86,83.87,67.0
ORD02018,2024-03-17 00:00:00,East,Home,3,76.22,0.05,216.27,150.79,65.48
ORD01519,2024-04-25 00:00:00,East,Grocery,7,22.9,0.05,152.67,107.94,44.73
ORD01965,2025-09-28 00:00:00,West,Grocery,5,29.33,0.03,142.27,80.15,62.12
ORD00793,2024-05-12 00:00:00,North,Electronics,5,166.65,0.13,723.27,467.59,255.68
ORD00912,2024-03-18 00:00:00,East,Grocery,8,21.06,0.02,165.56,92.76,72.81
ORD00460,2024-03-12 00:00:00,North,Sports,4,77.37,0.05,293.45,170.9,122.55
ORD02181,2025-04-21 00:00:00,North,Home,3,94.52,0.01,280.12,200.78,79.34
ORD00503,2025-02-27 00:00:00,South,Sports,2,74.94,0.12,132.04,81.18,50.85
ORD00465,2024-09-21 00:00:00,West,Clothing,4,40.74,0.06,152.85,93.89,58.95
ORD00438,2025-05-29 00:00:00,East,Grocery,7,32.5,0.11,202.14,129.23,72.91
ORD01421,2024-07-09 00:00:00,,Clothing,2,60.03,0.07,111.23,82.76,28.47
ORD00998,2024-05-07 00:00:00,,Electronics,2,204.53,0.1,369.7,207.98,161.72
ORD00714,2024-03-19 00:00:00,East,Electronics,-1,202.26,0.14,522.08,379.98,142.1
ORD01864,2025-10-17 00:00:00,North,Sports,4,78.37,0.1,280.85,203.25,77.6
ORD00391,2024-03-13 00:00:00,East,Grocery,14,32.63,0.04,438.53,314.39,124.14
ORD00161,2024-05-07 00:00:00,East,Home,3,76.37,0.03,223.3,167.95,55.36
ORD00217,2025-03-07 00:00:00,West,Grocery,15,28.67,0.08,394.0,269.09,124.91
ORD00467,2025-05-26 00:00:00,North,Electronics,1,207.93,0.2,166.68,98.29,68.39
ORD01026,2024-04-03 00:00:00,East,Electronics,4,141.25,0.13,494.15,321.3,172.86
ORD01313,2024-09-10 00:00:00,South,Grocery,1,29.62,0.2,23.6,13.1,10.5
ORD01898,2024-09-06 00:00:00,East,Home,4,90.44,0.02,352.88,258.81,94.08
ORD01802,2024-05-09 00:00:00,West,Electronics,1,123.08,0.05,117.4,76.83,40.58
ORD02105,2025-12-09 00:00:00,South,Clothing,2,71.38,0.12,125.81,96.19,29.62
ORD00191,2024-09-29 00:00:00,South, electronics ,2,43.93,0.03,85.36,61.92,23.44
ORD01348,2025-09-26 00:00:00,East,Home,2,106.31,0.11,189.33,131.98,57.35
ORD00577,2025-06-12 00:00:00,South,Clothing,1,24.88,0.01,24.74,15.24,9.5
ORD02090,2024-11-14 00:00:00,West,Grocery,5,21.21,0.15,89.84,49.04,40.8
ORD00593,2025-06-24 00:00:00,West, electronics ,7,57.67,0.01,401.37,239.35,162.02
ORD01248,2025-05-14 00:00:00,West,Electronics,3,174.38,0.02,515.11,305.24,209.88
ORD00568,2024-06-11 00:00:00,East,Clothing,3,62.65,0.05,179.13,104.94,74.19
ORD00969,2025-12-26 00:00:00,East,Grocery,10,39.8,0.03,385.28,243.34,141.94
ORD00181,2024-10-21 00:00:00,East,Grocery,9,31.46,0.01,279.17,147.36,131.81
ORD01020,2024-02-25 00:00:00,East,Sports,1,66.4,0.15,56.28,37.52,18.76
ORD01170,2024-02-22 00:00:00,West,Grocery,5,17.1,0.12,75.06,49.72,25.34
ORD00584,2024-11-26 00:00:00,West,Grocery,12,21.72,0.19,211.92,147.42,64.5
ORD02108,2025-04-20 00:00:00,West,Clothing,3,36.48,0.04,105.43,78.84,26.59
ORD00935,2024-02-28 00:00:00,North,Home,1,78.14,0.03,76.0,46.87,29.13
ORD01482,2024-07-13 00:00:00,South,Grocery,10,38.79,0.18,319.79,244.74,75.05
ORD00603,2025-10-28 00:00:00,East,Electronics,4,,0.06,445.67,293.18,152.49
ORD01289,2024-02-18 00:00:00,East,Home,4,103.1,0.05,390.37,205.38,184.99
ORD00626,2024-10-12 00:00:00,West,Clothing,8,41.23,0.04,315.17,223.22,91.94
ORD01831,2024-03-19 00:00:00,South,Home,2,97.66,0.04,186.76,109.06,77.7
ORD01395,2024-07-12 00:00:00,North,Sports,5,66.5,0.11,297.52,186.16,111.36
ORD01629,not-a-date,West,Electronics,3,236.01,0.01,703.74,495.12,208.62
ORD02023,2025-09-13 00:00:00,East,Home,2,,0.05,135.94,98.16,37.78
ORD00942,2025-10-08 00:00:00,South,Clothing,7,49.58,0.04,332.76,255.04,77.72
ORD00374,2024-04-23 00:00:00,South,Grocery,8,36.33,0.06,273.58,198.58,75.01
ORD00929,2024-03-07 00:00:00,West,Grocery,14,23.11,0.22,252.96,159.55,93.41
ORD01357,2024-07-05 00:00:00,East,Sports,3,66.0,0.02,194.09,115.87,78.23
ORD02194,2025-12-08 00:00:00,North, electronics ,2,166.47,0.1,299.05,223.04,76.01
ORD01394,2024-09-06 00:00:00,East,Grocery,11,21.99,0.1,216.57,132.56,84.01
ORD01294,2025-09-21 00:00:00,West,Sports,1,94.39,0.02,92.91,49.01,43.91
ORD02177,2024-02-12 00:00:00,South,Sports,8,90.45,0.09,657.25,501.45,155.81
ORD01669,2024-06-08 00:00:00,South,Clothing,1,56.49,0.04,54.12,36.57,17.54
ORD00806,2024-10-01 00:00:00,,Home,3,95.94,0.06,270.85,180.04,90.81
ORD01406,2024-04-09 00:00:00,South,Electronics,1,258.1,0.04,248.67,180.23,68.44
ORD01799,2024-12-09 00:00:00,North,Clothing,3,39.47,0.07,110.13,81.45,28.67
ORD00854,2025-04-03 00:00:00,East,Clothing,3,39.42,0.11,104.78,79.78,25.0
ORD00163,2025-02-14 00:00:00,East,Grocery,6,20.81,0.17,104.22,71.76,32.47
ORD01998,not-a-date,East,Clothing,6,75.26,0.05,427.54,267.42,160.12
ORD01992,2024-08-19 00:00:00,North,Home,3,76.28,0.02,223.54,147.99,75.55
ORD02130,2024-01-05 00:00:00,West,Clothing,4,56.22,0.1,202.87,156.35,46.52
ORD01006,2024-11-08 00:00:00,West,Grocery,-1,30.19,0.03,117.65,67.59,50.06
ORD00407,2024-12-28 00:00:00,East,Grocery,8,29.06,0.1,208.64,142.5,66.15
ORD01692,2025-08-27 00:00:00,South,Sports,5,63.29,0.05,299.41,159.99,139.42
ORD00232,2025-10-24 00:00:00,East,Grocery,4,20.82,0.08,76.23,49.03,27.19
ORD01646,2024-06-26 00:00:00,West,Clothing,4,67.39,0.05,256.71,198.35,58.36
ORD00114,2024-07-26 00:00:00,North,Clothing,3,53.06,0.06,149.27,81.63,67.64
ORD01865,2024-09-27 00:00:00,West,Sports,4,67.36,0.19,218.89,116.24,102.65
ORD00713,2025-03-03 00:00:00,South,Home,5,87.4,0.1,392.76,239.47,153.29
ORD01053,2024-05-23 00:00:00,East,Grocery,5,14.99,0.05,71.19,48.27,22.91
ORD00476,2024-12-14 00:00:00,North,Clothing,6,40.93,0.08,225.31,154.22,71.1
ORD00213,2024-03-01 00:00:00,East,Sports,5,62.04,0.07,287.56,161.61,125.95
ORD01909,2024-12-10 00:00:00,South,Home,4,105.84,0.07,394.41,210.48,183.93
ORD00124,2025-04-16 00:00:00,East,Sports,2,52.58,0.07,97.64,76.08,21.55
ORD00399,2025-02-16 00:00:00,North,Sports,4,50.16,0.15,171.54,89.98,81.56
ORD01317,2024-10-06 00:00:00,East,Clothing,5,46.99,0.04,225.91,166.87,59.03
ORD00961,2025-03-19 00:00:00,East,Electronics,1,203.05,0.04,194.05,122.47,71.57
ORD00321,2024-12-18 00:00:00,North,Electronics,2,151.24,0.03,294.18,168.13,126.05
ORD00388,2025-05-22 00:00:00,East,Clothing,1,39.23,0.08,36.01,22.86,13.15
ORD00093,2024-12-29 00:00:00,West,Home,2,76.28,0.08,140.48,76.58,63.9
ORD01596,2024-07-04 00:00:00,South, electronics ,6,32.29,0.01,192.26,140.09,52.17
ORD01438,2024-12-01 00:00:00,East,Home,4,106.5,0.15,363.49,277.54,85.96
ORD00999,2025-07-01 00:00:00,East,Grocery,8,12.06,0.08,89.08,58.07,31.01
ORD00378,2025-07-07 00:00:00,South,Electronics,4,173.86,0.12,614.62,340.64,273.97
ORD00724,2025-05-31 00:00:00,South, electronics ,3,89.03,0.08,245.17,191.16,54.01
ORD00812,2025-11-08 00:00:00,North,Clothing,1,72.61,0.14,62.8,46.41,16.39
ORD00202,2025-01-20 00:00:00,East,Clothing,5,51.48,0.09,233.39,173.97,59.43
ORD01207,2024-01-14 00:00:00,East,Clothing,1,85.2,0.04,82.15,49.88,32.27
ORD00264,2025-02-07 00:00:00,North,Electronics,3,127.0,0.09,348.13,270.58,77.54
ORD01135,2024-03-20 00:00:00,West,Sports,1,55.19,0.17,45.87,32.29,13.57
ORD01576,2025-07-27 00:00:00,South,Grocery,7,18.88,0.13,114.5,72.85,41.66
ORD01733,2024-01-31 00:00:00,South,Clothing,6,60.53,0.12,320.9,182.88,138.02
ORD00258,2025-04-13 00:00:00,West,Home,2,69.4,0.07,129.68,71.19,58.49
ORD01081,2025-07-19 00:00:00,East,Grocery,8,17.18,0.05,131.02,71.2,59.83
ORD02084,2025-10-26 00:00:00,West,Grocery,12,29.78,0.02,351.19,211.82,139.37
ORD00515,2024-02-03 00:00:00,North, electronics ,4,62.11,0.07,231.44,138.42,93.02
ORD01304,2025-05-27 00:00:00,,Grocery,3,21.2,0.2,51.03,36.02,15.01
ORD00296,2024-06-01 00:00:00,East,Electronics,4,181.76,0.06,681.06,435.46,245.6
ORD00516,2025-12-27 00:00:00,South,Grocery,10,29.66,0.04,285.79,217.04,68.75
ORD00765,2025-05-15 00:00:00,North,Electronics,1,142.16,0.07,131.79,86.31,45.48
ORD01659,2025-09-02 00:00:00,North,Clothing,6,47.59,0.06,269.62,207.5,62.12
ORD00844,2024-10-05 00:00:00,South,Sports,7,,0.17,368.88,233.95,134.93
ORD00031,2025-01-28 00:00:00,,Home,2,70.59,0.14,121.56,64.32,57.24
ORD01113,2025-04-14 00:00:00,West,Sports,2,69.94,0.09,127.41,98.86,28.55
ORD02056,2025-11-12 00:00:00,West,Clothing,2,61.17,0.08,112.93,71.31,41.63
ORD00139,not-a-date,North,Electronics,1,155.49,0.12,137.24,94.23,43.0
ORD00683,2025-07-05 00:00:00,East,Electronics,1,177.32,0.03,171.46,89.95,81.5
ORD00481,2024-11-07 00:00:00,North,Sports,1,124.54,0.08,114.55,64.09,50.46
ORD00096,2024-08-19 00:00:00,East,Grocery,7,31.82,0.24,169.81,118.89,50.92
ORD01644,2024-01-23 00:00:00,West,Sports,2,54.5,0.06,102.47,69.2,33.27
ORD01328,2024-06-02 00:00:00,East,Home,3,89.0,0.04,256.3,146.84,109.46
ORD01914,not-a-date,West, electronics ,9,25.92,0.1,209.49,133.2,76.29
ORD00972,2025-04-04 00:00:00,North,Electronics,3,180.08,0.07,501.74,305.58,196.16
ORD01837,2024-10-10 00:00:00,South,Grocery,3,37.14,0.02,109.14,74.01,35.13
ORD00055,2024-05-26 00:00:00,West,Home,5,46.69,0.05,222.26,159.14,63.13
ORD01411,2025-02-20 00:00:00,South,Sports,4,66.27,0.01,262.14,192.14,69.99
ORD00508,not-a-date,North,Grocery,5,30.29,0.13,131.5,75.18,56.31
ORD00865,2024-11-07 00:00:00,North,Sports,4,66.88,0.01,263.63,186.78,76.85
ORD01695,2025-11-23 00:00:00,North, electronics ,11,23.16,0.12,224.38,155.79,68.58
ORD01929,2025-03-26 00:00:00,North,Grocery,8,31.57,0.03,245.95,141.87,104.08
ORD01951,2025-12-29 00:00:00,South,Sports,-1,51.38,0.1,92.15,66.55,25.6
ORD01950,2025-11-17 00:00:00,South,Clothing,5,49.67,0.05,235.54,171.58,63.97
ORD01882,2025-05-28 00:00:00,West,Sports,1,75.79,0.04,72.57,55.96,16.62
ORD01870,2025-11-08 00:00:00,South,Grocery,11,30.68,0.03,327.45,189.21,138.24
ORD00141,2025-07-11 00:00:00,East,Home,-1,96.11,0.08,88.59,58.55,30.05
ORD02080,2025-01-01 00:00:00,North,Clothing,3,68.58,0.05,196.38,145.45,50.93
ORD00229,2024-04-03 00:00:00,East,Electronics,2,147.26,0.13,255.57,137.87,117.69
ORD01649,2025-04-04 00:00:00,South,Home,1,,0.15,55.87,38.11,17.76
ORD01280,2024-05-03 00:00:00,South,Clothing,7,55.09,0.08,356.22,216.34,139.87
ORD00126,2025-09-30 00:00:00,North,Clothing,3,97.07,0.02,284.74,213.35,71.39
ORD01402,2025-07-07 00:00:00,East,Clothing,4,47.71,0.03,184.37,137.28,47.09
ORD01185,2025-03-27 00:00:00,East,Home,3,83.38,0.09,228.73,144.95,83.78
ORD01024,2025-05-02 00:00:00,West,Grocery,9,27.55,0.02,242.94,139.39,103.54
ORD00510,2025-10-25 00:00:00,West,Clothing,4,33.03,0.12,116.88,89.47,27.41
ORD00313,2024-04-03 00:00:00,West,Electronics,2,146.69,0.05,277.5,203.27,74.22
ORD00115,2024-03-08 00:00:00,East,Home,5,124.13,0.03,598.97,401.74,197.23
ORD00731,2024-08-29 00:00:00,West,Grocery,-1,26.5,0.13,184.38,105.15,79.23
ORD01486,2024-09-18 00:00:00,West,Home,4,71.69,0.04,276.59,154.93,121.65
ORD00518,2025-10-31 00:00:00,West,Electronics,3,156.51,0.1,421.37,237.49,183.88
ORD00869,2024-11-23 00:00:00,,Grocery,8,29.23,0.03,226.44,164.37,62.07
ORD00478,2025-04-27 00:00:00,East,Grocery,7,21.19,0.12,129.95,78.31,51.64
ORD00871,2025-08-22 00:00:00,South,Electronics,2,128.57,0.06,241.84,165.23,76.62
ORD01214,2024-12-26 00:00:00,South,Home,1,106.31,0.13,92.32,56.18,36.14
ORD00239,2025-04-17 00:00:00,North,Clothing,3,58.38,0.05,166.16,112.91,53.25
ORD00996,2024-12-19 00:00:00,North,Clothing,4,,0.08,145.89,76.5,69.39
ORD00325,2024-02-15 00:00:00,North,Electronics,3,232.28,0.04,670.68,415.81,254.87
ORD00408,2024-10-07 00:00:00,West,Clothing,5,55.89,0.1,251.3,179.8,71.5
ORD00796,2025-03-06 00:00:00,North,Grocery,11,23.1,0.12,224.75,142.76,81.98
ORD00764,2025-12-11 00:00:00,West,Clothing,5,50.55,0.18,206.1,112.75,93.35
ORD00703,2024-03-25 00:00:00,North,Electronics,2,185.13,0.07,345.35,188.3,157.05
ORD00086,2024-08-11 00:00:00,East,Sports,1,96.29,0.08,88.56,66.6,21.96
ORD00486,2024-09-22 00:00:00,East,Grocery,8,21.72,0.01,171.97,124.35,47.62
ORD01147,2024-08-16 00:00:00,South,Clothing,5,57.99,0.05,275.69,214.47,61.22
ORD00373,2024-12-24 00:00:00,East,Grocery,7,16.67,0.09,105.69,68.3,37.39
ORD01144,2025-11-02 00:00:00,South,Grocery,8,27.58,0.05,209.85,121.17,88.69
ORD02028,2024-12-27 00:00:00,North, electronics ,1,161.52,0.04,155.17,117.0,38.16
ORD00643,2024-06-28 00:00:00,East,Grocery,5,28.3,0.07,130.95,90.45,40.5
ORD01638,2024-06-22 00:00:00,East,Clothing,1,,0.04,41.8,32.4,9.4
ORD01801,2025-03-10 00:00:00,East,Home,1,102.1,0.01,100.66,63.24,37.42
ORD02047,2024-08-15 00:00:00,East,Grocery,7,27.09,0.12,167.81,95.06,72.75
ORD01316,2025-06-28 00:00:00,South,Home,4,62.26,0.09,226.61,166.83,59.78
ORD01942,2025-03-28 00:00:00,East,Grocery,11,31.84,0.07,326.18,172.49,153.68
ORD02061,2025-05-12 00:00:00,West,Electronics,2,104.32,0.08,192.48,117.01,75.47
ORD01102,2025-06-07 00:00:00,South,Electronics,2,198.32,0.08,363.32,278.08,85.24
ORD01467,not-a-date,South,Home,2,73.95,0.13,129.36,87.05,42.31
ORD00489,2024-08-31 00:00:00,East,Home,3,84.58,0.07,235.78,139.57,96.21
ORD01538,2025-04-01 00:00:00,South,Home,4,105.85,0.05,400.63,283.46,117.16
ORD00642,2025-10-26 00:00:00,North,Grocery,6,30.84,0.0,184.82,127.78,57.04
ORD00906,2024-02-21 00:00:00,West,Grocery,6,18.11,0.12,96.16,68.22,27.93
ORD00349,2024-08-23 00:00:00,East,Clothing,2,,0.05,167.12,92.91,74.2
ORD00686,2025-02-01 00:00:00,,Sports,2,27.76,0.15,47.3,35.6,11.69
ORD00379,2024-03-23 00:00:00,West,Clothing,4,,0.06,191.69,141.97,49.72
ORD01515,2025-02-03 00:00:00,West,Grocery,13,23.98,0.03,303.14,218.47,84.67
ORD00390,2025-09-15 00:00:00,North,Electronics,4,155.41,0.15,531.31,341.49,189.82
ORD00604,2024-12-06 00:00:00,East,Electronics,1,120.58,0.07,112.42,74.48,37.94
ORD00755,2024-07-17 00:00:00,West,Electronics,1,191.57,0.1,173.01,98.62,74.39
ORD00261,2024-07-07 00:00:00,North,Home,1,,0.1,70.57,40.25,30.32
ORD01584,2025-09-23 00:00:00,South,Grocery,9,15.24,0.07,128.26,75.5,52.76
ORD01307,2024-04-25 00:00:00,East,Electronics,4,109.78,0.1,396.71,214.78,181.93
ORD01764,2025-10-01 00:00:00,West,Home,3,123.16,0.01,364.78,266.44,98.34
ORD01592,2025-04-10 00:00:00,South,Electronics,2,198.72,0.09,362.02,210.77,151.25
ORD00400,2025-09-10 00:00:00,North,Home,2,101.65,0.12,178.89,104.96,73.93
ORD00281,2025-02-08 00:00:00,North,Sports,1,49.22,0.1,44.32,24.98,19.33
ORD00539,2025-05-22 00:00:00,West,Sports,2,83.34,0.04,159.78,104.96,54.81
ORD01109,2025-08-11 00:00:00,East,Grocery,12,17.38,0.08,191.18,141.16,50.02
ORD00076,2024-01-13 00:00:00,South, electronics ,9,19.58,0.06,164.82,122.96,41.86
ORD01027,2025-03-26 00:00:00,East,Grocery,6,28.23,0.05,160.1,96.22,63.88
ORD02007,2025-11-28 00:00:00,West,Electronics,4,151.22,0.07,563.82,389.98,173.84
ORD01606,2025-05-25 00:00:00,North,Electronics,1,236.65,0.08,218.86,141.72,77.14
ORD01164,2025-03-10 00:00:00,East,Clothing,4,55.95,0.04,215.11,145.13,69.98
ORD02199,2025-01-28 00:00:00,West,Clothing,6,52.6,0.1,282.91,150.74,132.18
ORD01236,2025-09-02 00:00:00,,Sports,5,64.93,0.08,299.51,177.29,122.21
ORD00535,2024-10-18 00:00:00,West,Sports,2,52.52,0.08,97.08,67.65,29.43
ORD02076,2024-07-09 00:00:00,West,Electronics,4,,0.09,511.48,398.37,113.11
ORD01246,2025-05-07 00:00:00,East,Clothing,5,64.04,0.1,288.26,173.74,114.52
ORD01999,2025-09-12 00:00:00,East,Clothing,4,42.18,0.02,164.77,114.43,50.34
ORD00230,2025-07-11 00:00:00,East,Clothing,5,62.43,0.16,260.86,173.19,87.67
ORD01793,2025-04-28 00:00:00,West,Grocery,11,28.93,0.06,299.62,161.34,138.28
ORD01371,2025-07-11 00:00:00,East,Grocery,7,31.03,0.05,205.6,123.08,82.52
ORD00867,2024-05-30 00:00:00,West,Grocery,8,25.56,0.07,190.58,127.49,63.08
ORD00537,2025-05-28 00:00:00,East,Sports,5,70.62,0.1,316.69,198.97,117.71
ORD00619,2024-03-20 00:00:00,South,Grocery,12,13.36,0.09,146.28,81.68,64.59
ORD01267,2024-09-03 00:00:00,East,Clothing,4,61.71,0.03,239.66,143.77,95.89
ORD01204,2025-12-04 00:00:00,North,Clothing,5,44.52,0.04,212.88,153.89,58.99
ORD01158,2024-04-17 00:00:00,West,Clothing,4,58.12,0.01,229.85,172.92,56.93
ORD00422,2025-08-31 00:00:00,West,Electronics,3,165.1,0.02,487.62,356.06,131.56
ORD01939,2024-03-10 00:00:00,East, electronics ,2,224.73,0.07,419.06,254.66,164.4
ORD00268,2024-06-19 00:00:00,North,Home,4,71.21,0.06,267.15,180.23,86.93
ORD00719,2024-06-09 00:00:00,North,Clothing,2,62.35,0.14,107.41,82.78,24.63
ORD01722,2025-02-20 00:00:00,North,Electronics,2,93.17,0.11,166.01,109.58,56.44
ORD01900,2024-03-04 00:00:00,East,Home,5,82.59,0.05,391.72,210.93,180.8
ORD01610,2025-06-25 00:00:00,East,Clothing,3,48.51,0.05,138.56,94.09,44.46
ORD01533,2024-10-13 00:00:00,North,Sports,3,59.81,0.02,175.92,122.21,53.71
ORD00228,2024-08-21 00:00:00,South,Clothing,7,59.63,0.0,415.4,254.39,161.01
ORD00317,2024-12-04 00:00:00,North,Grocery,6,21.47,0.09,116.61,71.26,45.35
ORD00973,2025-09-02 00:00:00,West,Electronics,1,,0.14,161.64,101.84,59.81
ORD00670,2025-06-29 00:00:00,,Clothing,2,77.28,0.04,147.85,106.92,40.93
ORD01096,2024-01-18 00:00:00,North,Sports,2,,0.1,156.63,112.91,43.72
ORD01974,2024-07-18 00:00:00,East,Electronics,2,206.63,0.06,390.35,267.18,123.17
ORD02063,2025-09-09 00:00:00,North,Sports,1,41.88,0.05,39.9,28.8,11.1
ORD00105,2025-02-15 00:00:00,West,Sports,1,40.81,0.11,36.39,24.43,11.96
ORD00110,2024-07-04 00:00:00,East,Clothing,3,45.98,0.1,123.6,70.11,53.5
ORD01851,2025-09-07 00:00:00,South,Home,3,83.91,0.05,239.54,149.8,89.74
ORD01822,2024-04-19 00:00:00,West,Sports,6,45.42,0.13,236.96,152.49,84.46
ORD00804,2025-08-19 00:00:00,West,Grocery,7,20.9,0.02,144.06,93.8,50.25
ORD01091,2024-06-03 00:00:00,East,Clothing,5,38.77,0.05,183.94,108.19,75.75
ORD02195,2024-12-15 00:00:00,East,Electronics,3,314.8,0.06,886.04,622.38,263.66
ORD00453,2025-06-15 00:00:00,East,Home,2,77.72,0.03,150.89,93.54,57.35
ORD01107,2025-03-16 00:00:00,North,Sports,4,39.11,0.03,150.95,107.1,43.85
ORD01228,2025-12-03 00:00:00,East,Home,5,71.18,0.13,308.79,172.81,135.98
ORD00342,2025-04-27 00:00:00,East,Sports,4,75.56,0.05,287.95,154.41,133.53
ORD02116,2025-03-19 00:00:00,North,Sports,1,44.23,0.09,40.4,28.03,12.38
ORD01653,2025-08-07 00:00:00,North,Home,2,118.7,0.08,218.09,153.31,64.78
ORD01295,2025-07-29 00:00:00,South,Sports,4,,0.02,191.65,104.56,87.1
ORD01270,2025-05-31 00:00:00,West,Grocery,2,25.0,0.08,46.07,34.94,11.13
ORD01931,2024-12-31 00:00:00,North,Clothing,6,54.92,0.05,314.29,217.17,97.12
ORD00978,2025-06-08 00:00:00,East,Clothing,3,71.55,0.22,166.87,92.22,74.65
ORD02143,2024-06-13 00:00:00,,Home,3,,0.03,299.06,206.36,92.7
ORD00021,2024-07-25 00:00:00,North,Home,4,103.66,0.02,407.09,225.16,181.93
ORD00677,2024-09-22 00:00:00,South,Grocery,7,14.02,0.03,95.0,70.28,24.72
ORD01684,2024-09-07 00:00:00,East,Home,3,104.13,0.09,283.18,156.05,127.13
ORD00198,2025-09-10 00:00:00,South,Grocery,6,,0.14,147.04,86.3,60.74
