timestamp,latency_ms,error_rate,throughput_rpm,cpu_pct,memory_pct,is_anomaly
2026-01-01 00:00:00,155.1,0.0209,1055.7,53.2,40.5,0
2026-01-01 00:15:00,134.52,0.0145,1158.7,54.1,46.3,0
2026-01-01 00:30:00,178.23,0.02,974.9,42.9,48.8,0
2026-01-01 00:45:00,172.42,0.0135,1194.2,64.9,37.8,0
2026-01-01 01:00:00,554.34,0.3493,1080.5,75.0,45.2,1
2026-01-01 01:15:00,161.77,0.0291,1123.9,34.3,36.8,0
2026-01-01 01:30:00,172.56,0.0338,1000.1,54.9,50.2,0
2026-01-01 01:45:00,181.74,0.0194,1063.4,64.4,39.5,0
2026-01-01 02:00:00,201.77,0.0507,1009.3,48.4,45.0,0
2026-01-01 02:15:00,157.75,0.0462,1076.6,46.2,46.2,0
2026-01-01 02:30:00,186.32,0.0067,979.5,42.3,38.3,0
2026-01-01 02:45:00,165.93,0.019,1012.4,54.0,47.6,0
2026-01-01 03:00:00,145.78,0.0086,1172.0,50.3,39.7,0
2026-01-01 03:15:00,189.83,0.0258,1072.6,42.5,57.7,0
2026-01-01 03:30:00,201.16,0.0109,1053.9,66.9,56.7,0
2026-01-01 03:45:00,192.26,0.026,1052.7,55.6,55.6,0
2026-01-01 04:00:00,177.27,0.0144,1092.1,50.5,48.4,0
2026-01-01 04:15:00,187.29,0.0412,981.1,66.1,49.7,0
2026-01-01 04:30:00,192.89,0.0218,1055.6,56.2,46.1,0
2026-01-01 04:45:00,190.62,0.009,824.8,48.8,51.1,0
2026-01-01 05:00:00,205.95,0.0401,938.2,53.6,58.8,0
2026-01-01 05:15:00,200.78,0.0246,925.0,47.4,40.5,0
2026-01-01 05:30:00,173.39,0.0068,909.9,50.3,50.5,0
2026-01-01 05:45:00,184.28,0.0697,998.3,57.6,35.4,0
2026-01-01 06:00:00,175.91,0.0504,890.6,64.5,44.5,0
2026-01-01 06:15:00,187.9,0.0306,888.7,46.6,46.9,0
2026-01-01 06:30:00,151.36,0.0057,845.1,55.2,49.6,0
2026-01-01 06:45:00,219.71,0.011,872.4,38.9,52.1,0
2026-01-01 07:00:00,169.77,0.0223,712.9,51.9,56.5,0
2026-01-01 07:15:00,174.57,0.023,831.3,64.4,37.6,0
2026-01-01 07:30:00,428.56,0.1745,754.4,64.7,53.5,1
2026-01-01 07:45:00,159.01,0.0442,961.5,47.7,60.0,0
2026-01-01 08:00:00,174.27,0.0054,861.4,46.3,44.8,0
2026-01-01 08:15:00,183.35,0.0067,873.9,54.6,43.9,0
2026-01-01 08:30:00,209.99,0.009,717.5,48.4,48.8,0
2026-01-01 08:45:00,182.87,0.0133,868.7,47.4,46.9,0
2026-01-01 09:00:00,167.45,0.0319,726.0,53.3,46.5,0
2026-01-01 09:15:00,154.49,0.0261,792.1,42.2,58.0,0
2026-01-01 09:30:00,213.24,0.0315,759.7,55.6,64.6,0
2026-01-01 09:45:00,176.13,0.0192,676.2,44.7,45.7,0
2026-01-01 10:00:00,168.98,0.027,671.5,52.4,64.2,0
2026-01-01 10:15:00,142.81,0.0083,790.3,55.9,45.5,0
2026-01-01 10:30:00,176.95,0.0216,788.0,33.6,53.3,0
2026-01-01 10:45:00,156.91,0.0058,648.0,46.1,40.7,0
2026-01-01 11:00:00,185.55,0.0581,805.7,37.3,41.8,0
2026-01-01 11:15:00,167.42,0.0153,699.4,33.7,45.7,0
2026-01-01 11:30:00,161.31,0.0332,636.4,44.6,53.8,0
2026-01-01 11:45:00,135.25,0.064,687.7,49.8,49.5,0
2026-01-01 12:00:00,148.23,0.0129,625.1,33.9,36.5,0
2026-01-01 12:15:00,146.15,0.043,669.2,49.2,38.7,0
2026-01-01 12:30:00,152.21,0.0373,686.5,40.4,35.9,0
2026-01-01 12:45:00,114.54,0.0002,756.1,49.2,50.2,0
2026-01-01 13:00:00,124.57,0.0252,783.0,69.3,49.0,0
2026-01-01 13:15:00,132.02,0.0147,800.5,46.9,48.9,0
2026-01-01 13:30:00,149.95,0.0047,781.2,40.0,48.8,0
2026-01-01 13:45:00,106.19,0.0571,592.9,45.5,42.7,0
2026-01-01 14:00:00,492.68,0.3304,643.0,72.7,49.2,1
2026-01-01 14:15:00,154.86,0.0101,821.0,47.0,58.0,0
2026-01-01 14:30:00,114.6,0.007,711.5,48.1,52.0,0
2026-01-01 14:45:00,176.94,0.022,734.4,46.7,39.8,0
2026-01-01 15:00:00,129.54,0.034,817.0,39.8,45.7,0
2026-01-01 15:15:00,123.29,0.0372,863.1,57.1,43.6,0
2026-01-01 15:30:00,135.94,0.0007,805.6,60.0,54.2,0
2026-01-01 15:45:00,132.78,0.0011,712.5,44.8,40.6,0
2026-01-01 16:00:00,121.8,0.003,724.6,50.8,49.3,0
2026-01-01 16:15:00,100.17,0.0302,735.1,31.9,45.6,0
2026-01-01 16:30:00,111.82,0.0413,895.7,51.0,42.5,0
2026-01-01 16:45:00,126.12,0.0817,870.2,66.1,49.4,0
2026-01-01 17:00:00,131.21,0.0253,856.6,56.8,46.4,0
2026-01-01 17:15:00,607.24,0.2796,753.6,78.1,53.2,1
2026-01-01 17:30:00,107.96,0.0217,915.8,51.1,44.6,0
2026-01-01 17:45:00,117.62,0.0016,866.7,48.2,39.7,0
2026-01-01 18:00:00,103.11,0.0088,846.3,53.6,46.5,0
2026-01-01 18:15:00,134.69,0.0068,896.2,59.4,49.8,0
2026-01-01 18:30:00,109.4,0.0756,935.5,47.8,52.3,0
2026-01-01 18:45:00,104.42,0.0302,868.8,56.6,46.7,0
2026-01-01 19:00:00,117.31,0.0059,874.1,44.3,53.9,0
2026-01-01 19:15:00,86.08,0.0479,959.8,48.8,38.6,0
2026-01-01 19:30:00,125.93,0.0019,964.2,43.5,54.9,0
2026-01-01 19:45:00,110.62,0.0066,814.0,50.9,52.0,0
2026-01-01 20:00:00,169.51,0.0009,985.0,53.4,44.9,0
2026-01-01 20:15:00,108.56,0.0059,931.0,54.9,55.3,0
2026-01-01 20:30:00,114.88,0.0656,1023.4,55.9,50.2,0
2026-01-01 20:45:00,138.0,0.0107,870.8,56.5,56.9,0
2026-01-01 21:00:00,139.33,0.0161,938.1,68.6,42.6,0
2026-01-01 21:15:00,143.9,0.0029,863.2,56.4,43.2,0
2026-01-01 21:30:00,120.22,0.0202,1056.3,38.2,51.8,0
2026-01-01 21:45:00,104.61,0.0039,922.4,49.6,48.5,0
2026-01-01 22:00:00,180.53,0.0069,963.0,52.1,37.9,0
2026-01-01 22:15:00,141.79,0.0247,1049.5,41.2,61.1,0
2026-01-01 22:30:00,136.56,0.0242,1044.7,60.4,60.3,0
2026-01-01 22:45:00,147.0,0.0224,1100.5,69.1,49.3,0
2026-01-01 23:00:00,117.48,0.0035,1125.5,48.3,43.2,0
2026-01-01 23:15:00,132.73,0.0303,1153.0,65.9,43.4,0
2026-01-01 23:30:00,122.17,0.0122,1186.9,65.0,50.7,0
2026-01-01 23:45:00,143.95,0.0093,1146.9,57.8,58.1,0
2026-01-02 00:00:00,125.19,0.0079,1103.3,61.5,66.5,0
2026-01-02 00:15:00,162.13,0.0135,1095.2,48.6,45.9,0
2026-01-02 00:30:00,171.3,0.0106,1123.2,64.4,45.5,0
2026-01-02 00:45:00,170.64,0.0231,938.5,62.0,46.8,0
2026-01-02 01:00:00,166.99,0.0202,1063.0,58.0,50.9,0
2026-01-02 01:15:00,609.8,0.3425,946.0,99.3,42.0,1
2026-01-02 01:30:00,151.53,0.0658,1022.4,47.1,38.5,0
2026-01-02 01:45:00,167.13,0.0378,970.6,60.0,46.4,0
2026-01-02 02:00:00,165.52,0.0228,1083.1,54.6,50.2,0
2026-01-02 02:15:00,133.85,0.0125,1098.0,53.7,60.0,0
2026-01-02 02:30:00,156.4,0.0351,1141.0,63.1,40.4,0
2026-01-02 02:45:00,181.76,0.0438,988.2,50.5,55.9,0
2026-01-02 03:00:00,154.49,0.0202,981.2,47.0,47.3,0
2026-01-02 03:15:00,154.13,0.0255,1103.1,63.6,46.3,0
2026-01-02 03:30:00,171.15,0.0174,991.4,40.8,37.1,0
2026-01-02 03:45:00,135.71,0.0138,977.0,58.4,50.7,0
2026-01-02 04:00:00,193.44,0.0082,1039.9,43.9,49.9,0
2026-01-02 04:15:00,191.85,0.0092,1026.3,39.0,63.9,0
2026-01-02 04:30:00,197.36,0.0188,1057.0,59.3,46.2,0
2026-01-02 04:45:00,184.29,0.0131,1023.8,56.0,58.9,0
2026-01-02 05:00:00,168.46,0.0058,919.0,46.5,45.9,0
2026-01-02 05:15:00,161.67,0.0172,1042.8,44.5,45.6,0
2026-01-02 05:30:00,459.07,0.3426,1008.4,71.4,36.2,1
2026-01-02 05:45:00,196.69,0.0186,945.4,48.3,56.0,0
2026-01-02 06:00:00,164.9,0.0211,962.0,58.6,49.0,0
2026-01-02 06:15:00,162.49,0.0072,899.1,46.6,48.0,0
2026-01-02 06:30:00,184.66,0.0399,835.1,46.6,46.0,0
2026-01-02 06:45:00,187.46,0.0039,907.7,60.2,49.6,0
2026-01-02 07:00:00,200.64,0.0046,988.3,44.6,43.0,0
2026-01-02 07:15:00,195.73,0.0101,926.3,40.0,51.1,0
2026-01-02 07:30:00,182.37,0.0458,882.5,43.4,41.3,0
2026-01-02 07:45:00,202.45,0.0063,790.6,51.2,47.1,0
2026-01-02 08:00:00,174.02,0.0371,727.2,63.4,51.5,0
2026-01-02 08:15:00,174.76,0.0107,792.9,50.5,57.9,0
2026-01-02 08:30:00,195.58,0.0127,767.5,41.8,49.5,0
2026-01-02 08:45:00,197.55,0.0083,811.2,43.0,57.1,0
2026-01-02 09:00:00,548.35,0.1314,783.3,97.3,47.9,1
2026-01-02 09:15:00,171.52,0.0141,673.1,33.3,41.5,0
2026-01-02 09:30:00,176.04,0.0233,714.1,32.8,62.6,0
2026-01-02 09:45:00,159.15,0.0115,747.9,50.0,47.2,0
2026-01-02 10:00:00,183.7,0.0485,774.7,56.0,54.6,0
2026-01-02 10:15:00,156.86,0.0299,777.3,56.3,43.7,0
2026-01-02 10:30:00,131.56,0.0096,671.8,49.9,51.6,0
2026-01-02 10:45:00,159.56,0.0237,658.4,56.4,50.4,0
2026-01-02 11:00:00,143.65,0.0372,659.9,45.4,48.0,0
2026-01-02 11:15:00,110.33,0.007,781.9,46.0,62.2,0
2026-01-02 11:30:00,148.74,0.0141,693.0,47.1,51.0,0
2026-01-02 11:45:00,173.14,0.0245,733.6,50.6,45.4,0
2026-01-02 12:00:00,157.45,0.0095,749.2,79.6,59.0,0
2026-01-02 12:15:00,157.41,0.0337,805.9,47.9,35.3,0
2026-01-02 12:30:00,175.66,0.0386,634.6,47.9,37.8,0
2026-01-02 12:45:00,139.58,0.0084,804.9,63.4,54.2,0
2026-01-02 13:00:00,120.32,0.0709,766.6,53.2,49.6,0
2026-01-02 13:15:00,149.83,0.0343,842.9,36.7,44.2,0
2026-01-02 13:30:00,147.37,0.0111,824.5,63.6,50.7,0
2026-01-02 13:45:00,118.15,0.0214,733.8,50.8,55.5,0
2026-01-02 14:00:00,129.33,0.0189,691.7,24.7,40.6,0
2026-01-02 14:15:00,142.19,0.0556,790.4,46.0,47.4,0
2026-01-02 14:30:00,137.45,0.0121,665.8,41.2,48.3,0
2026-01-02 14:45:00,145.67,0.0364,759.3,44.9,50.1,0
2026-01-02 15:00:00,113.15,0.0136,720.7,47.7,52.5,0
2026-01-02 15:15:00,99.72,0.0266,755.8,54.4,34.2,0
2026-01-02 15:30:00,108.81,0.0276,620.0,56.3,51.8,0
2026-01-02 15:45:00,140.81,0.0284,766.8,59.2,34.6,0
2026-01-02 16:00:00,138.33,0.0667,818.4,62.6,47.7,0
2026-01-02 16:15:00,116.67,0.0753,772.7,47.3,40.6,0
2026-01-02 16:30:00,146.92,0.008,804.1,32.8,49.4,0
2026-01-02 16:45:00,116.77,0.0727,734.1,28.2,52.7,0
2026-01-02 17:00:00,106.97,0.0246,908.0,57.5,48.4,0
2026-01-02 17:15:00,90.8,0.0137,855.2,49.9,43.4,0
2026-01-02 17:30:00,114.83,0.0195,1010.1,65.2,38.8,0
2026-01-02 17:45:00,135.28,0.0574,873.9,54.4,47.7,0
2026-01-02 18:00:00,137.83,0.0073,926.8,37.6,45.2,0
2026-01-02 18:15:00,134.25,0.0192,867.1,45.8,50.4,0
2026-01-02 18:30:00,123.99,0.0001,983.5,56.1,45.0,0
2026-01-02 18:45:00,143.74,0.0166,870.0,41.8,57.8,0
2026-01-02 19:00:00,98.76,0.0759,1067.6,66.3,48.3,0
2026-01-02 19:15:00,137.52,0.0153,1065.6,50.7,54.4,0
2026-01-02 19:30:00,121.25,0.0474,910.7,48.8,44.5,0
2026-01-02 19:45:00,119.98,0.0252,927.2,38.9,53.1,0
2026-01-02 20:00:00,94.07,0.006,939.2,68.2,52.4,0
2026-01-02 20:15:00,125.83,0.0602,896.4,49.6,43.2,0
2026-01-02 20:30:00,140.46,0.0054,1010.6,55.5,37.5,0
2026-01-02 20:45:00,81.37,0.0537,990.3,46.6,56.9,0
2026-01-02 21:00:00,139.57,0.0076,1073.6,51.2,45.1,0
2026-01-02 21:15:00,84.12,0.0294,1023.8,55.9,43.5,0
2026-01-02 21:30:00,99.74,0.0528,1088.3,58.1,45.9,0
2026-01-02 21:45:00,123.55,0.0103,1023.9,58.0,41.4,0
2026-01-02 22:00:00,160.99,0.0904,1042.2,61.8,52.4,0
2026-01-02 22:15:00,130.19,0.0292,1062.0,59.7,47.9,0
2026-01-02 22:30:00,140.96,0.0293,1109.1,59.3,48.4,0
2026-01-02 22:45:00,116.12,0.0244,1030.0,48.3,56.0,0
2026-01-02 23:00:00,137.44,0.0159,1137.4,53.7,48.7,0
2026-01-02 23:15:00,139.95,0.0045,1022.3,43.6,59.0,0
2026-01-02 23:30:00,170.27,0.0122,1051.9,49.9,47.9,0
2026-01-02 23:45:00,127.49,0.0157,943.3,55.4,37.5,0
2026-01-03 00:00:00,138.13,0.0086,1056.1,57.2,41.8,0
2026-01-03 00:15:00,169.38,0.0207,1001.5,58.3,42.9,0
2026-01-03 00:30:00,145.56,0.0427,1118.8,66.9,48.8,0
2026-01-03 00:45:00,152.04,0.0675,1115.6,44.6,58.7,0
2026-01-03 01:00:00,166.89,0.0021,1159.0,40.9,49.3,0
2026-01-03 01:15:00,147.6,0.062,1190.2,54.3,46.4,0
2026-01-03 01:30:00,122.12,0.0271,1062.5,65.9,45.9,0
2026-01-03 01:45:00,178.41,0.0185,1022.2,64.9,51.8,0
2026-01-03 02:00:00,169.59,0.0239,1088.7,56.2,50.9,0
2026-01-03 02:15:00,144.51,0.0222,1028.7,51.2,53.6,0
2026-01-03 02:30:00,181.51,0.0066,1013.5,55.3,43.1,0
2026-01-03 02:45:00,203.67,0.0289,1054.7,62.9,63.8,0
2026-01-03 03:00:00,196.22,0.0244,986.1,46.5,45.6,0
2026-01-03 03:15:00,212.21,0.016,1171.4,51.5,43.6,0
2026-01-03 03:30:00,152.65,0.0313,1008.8,53.9,56.4,0
2026-01-03 03:45:00,518.55,0.3115,1025.1,84.7,54.3,1
2026-01-03 04:00:00,186.7,0.012,1046.7,60.5,43.5,0
2026-01-03 04:15:00,178.21,0.0207,1143.3,39.8,52.7,0
2026-01-03 04:30:00,174.41,0.0192,974.2,59.2,45.0,0
2026-01-03 04:45:00,127.04,0.014,859.0,50.3,50.9,0
2026-01-03 05:00:00,214.27,0.0881,941.2,57.0,49.6,0
2026-01-03 05:15:00,154.71,0.0357,827.2,48.2,65.8,0
2026-01-03 05:30:00,200.07,0.0183,910.4,55.4,57.7,0
2026-01-03 05:45:00,184.0,0.0403,1051.4,54.3,55.5,0
2026-01-03 06:00:00,184.45,0.0144,843.9,45.8,53.4,0
2026-01-03 06:15:00,181.3,0.0302,826.8,43.8,39.2,0
2026-01-03 06:30:00,188.58,0.0046,960.1,50.7,49.3,0
2026-01-03 06:45:00,196.53,0.0031,884.7,40.6,44.9,0
2026-01-03 07:00:00,200.94,0.0584,938.1,48.3,47.6,0
2026-01-03 07:15:00,181.54,0.0213,833.9,47.4,48.6,0
2026-01-03 07:30:00,162.11,0.0182,898.6,59.5,36.0,0
2026-01-03 07:45:00,161.49,0.0395,745.4,53.7,46.0,0
2026-01-03 08:00:00,199.01,0.0017,744.6,64.5,48.9,0
2026-01-03 08:15:00,175.43,0.015,797.1,35.9,54.5,0
2026-01-03 08:30:00,161.86,0.0185,781.7,47.0,42.5,0
2026-01-03 08:45:00,166.96,0.0503,984.9,62.6,42.5,0
2026-01-03 09:00:00,173.06,0.0401,843.8,52.4,42.0,0
2026-01-03 09:15:00,151.65,0.0654,842.0,48.4,45.8,0
2026-01-03 09:30:00,174.19,0.0076,760.8,41.2,40.1,0
2026-01-03 09:45:00,197.3,0.0226,675.2,52.7,57.3,0
2026-01-03 10:00:00,165.36,0.0318,861.2,52.0,53.4,0
2026-01-03 10:15:00,135.68,0.067,630.7,43.6,67.0,0
2026-01-03 10:30:00,183.12,0.0459,705.6,55.8,44.3,0
2026-01-03 10:45:00,187.48,0.0192,784.3,67.0,54.0,0
2026-01-03 11:00:00,179.99,0.0401,908.7,44.2,39.5,0
2026-01-03 11:15:00,160.12,0.0365,848.0,54.9,58.3,0
2026-01-03 11:30:00,201.03,0.0083,769.7,50.0,46.5,0
2026-01-03 11:45:00,172.31,0.008,876.6,56.0,47.4,0
2026-01-03 12:00:00,203.82,0.007,685.4,57.9,56.9,0
2026-01-03 12:15:00,174.33,0.0088,751.6,59.9,56.5,0
2026-01-03 12:30:00,171.57,0.0144,822.1,45.8,41.1,0
2026-01-03 12:45:00,138.79,0.0318,621.8,32.9,47.3,0
2026-01-03 13:00:00,123.88,0.0443,752.5,47.8,58.0,0
2026-01-03 13:15:00,143.02,0.0085,757.1,47.9,45.4,0
2026-01-03 13:30:00,137.48,0.0421,754.9,26.6,50.1,0
2026-01-03 13:45:00,131.26,0.023,653.1,54.9,51.8,0
2026-01-03 14:00:00,130.16,0.0168,774.6,44.7,57.9,0
2026-01-03 14:15:00,128.94,0.0128,764.7,48.4,52.7,0
2026-01-03 14:30:00,120.98,0.0337,705.6,43.1,46.3,0
2026-01-03 14:45:00,144.33,0.011,798.7,47.7,34.3,0
2026-01-03 15:00:00,111.72,0.0149,867.3,60.8,52.9,0
2026-01-03 15:15:00,124.47,0.0081,723.5,48.7,49.2,0
2026-01-03 15:30:00,103.39,0.0163,807.4,66.5,60.4,0
2026-01-03 15:45:00,127.05,0.0083,869.4,55.7,52.0,0
2026-01-03 16:00:00,123.31,0.0263,908.0,57.0,44.0,0
2026-01-03 16:15:00,102.39,0.0119,799.2,47.8,39.3,0
2026-01-03 16:30:00,120.96,0.0104,885.0,50.5,46.8,0
2026-01-03 16:45:00,117.93,0.01,793.0,57.5,50.5,0
2026-01-03 17:00:00,107.9,0.0016,910.6,60.9,48.7,0
2026-01-03 17:15:00,108.07,0.0117,801.7,51.6,39.2,0
2026-01-03 17:30:00,124.25,0.0188,746.9,52.9,28.5,0
2026-01-03 17:45:00,116.7,0.0121,890.7,49.9,41.3,0
2026-01-03 18:00:00,132.24,0.0137,961.6,54.1,30.9,0
2026-01-03 18:15:00,96.35,0.0084,949.4,52.8,41.1,0
2026-01-03 18:30:00,111.62,0.0227,842.8,50.5,49.7,0
2026-01-03 18:45:00,103.94,0.0022,726.9,56.1,58.1,0
2026-01-03 19:00:00,117.28,0.0204,1007.7,52.7,30.9,0
2026-01-03 19:15:00,121.04,0.0569,1048.7,48.8,40.8,0
2026-01-03 19:30:00,94.92,0.011,814.0,47.5,50.8,0
2026-01-03 19:45:00,126.87,0.0267,925.2,49.4,44.8,0
2026-01-03 20:00:00,158.62,0.0103,924.5,55.2,49.1,0
2026-01-03 20:15:00,122.76,0.0504,1007.2,48.7,50.6,0
2026-01-03 20:30:00,104.07,0.028,1083.6,63.5,45.1,0
2026-01-03 20:45:00,114.43,0.0273,973.7,50.4,56.4,0
2026-01-03 21:00:00,119.42,0.0545,991.8,65.4,65.0,0
2026-01-03 21:15:00,113.24,0.0849,1054.6,54.2,40.5,0
2026-01-03 21:30:00,138.26,0.0157,878.6,55.0,54.5,0
2026-01-03 21:45:00,92.43,0.0159,1085.9,62.5,62.8,0
2026-01-03 22:00:00,137.4,0.0023,1129.9,65.1,58.1,0
2026-01-03 22:15:00,155.73,0.0131,1056.2,59.0,43.2,0
2026-01-03 22:30:00,154.57,0.0443,1025.1,74.4,45.7,0
2026-01-03 22:45:00,150.94,0.0199,1036.2,53.7,35.9,0
2026-01-03 23:00:00,129.06,0.0088,1054.4,41.9,44.0,0
2026-01-03 23:15:00,167.18,0.0896,1069.8,54.0,44.2,0
2026-01-03 23:30:00,147.54,0.0112,964.6,58.7,51.2,0
2026-01-03 23:45:00,166.56,0.0225,1102.8,58.5,40.0,0
2026-01-04 00:00:00,169.47,0.0291,1054.3,45.8,48.5,0
2026-01-04 00:15:00,155.66,0.0188,1081.4,51.8,49.5,0
2026-01-04 00:30:00,145.59,0.0164,1039.5,47.2,44.7,0
2026-01-04 00:45:00,192.55,0.0149,1106.7,49.6,53.9,0
2026-01-04 01:00:00,127.02,0.0615,1166.9,55.3,44.8,0
2026-01-04 01:15:00,155.94,0.0354,1088.5,58.3,50.3,0
2026-01-04 01:30:00,133.76,0.0502,959.3,46.4,38.9,0
2026-01-04 01:45:00,161.16,0.0055,1074.2,49.3,42.6,0
2026-01-04 02:00:00,173.92,0.0343,1070.6,60.0,54.7,0
2026-01-04 02:15:00,155.93,0.0802,1052.1,47.1,36.3,0
2026-01-04 02:30:00,157.28,0.0125,1002.3,45.8,53.3,0
2026-01-04 02:45:00,143.73,0.0226,1052.7,71.5,45.7,0
2026-01-04 03:00:00,182.88,0.0405,1086.2,50.3,33.8,0
2026-01-04 03:15:00,166.35,0.0128,1006.6,38.5,44.9,0
2026-01-04 03:30:00,182.35,0.0198,1123.9,45.3,53.1,0
2026-01-04 03:45:00,165.32,0.0014,981.8,36.7,64.1,0
2026-01-04 04:00:00,184.76,0.0122,917.8,64.7,61.1,0
2026-01-04 04:15:00,193.62,0.0082,973.8,51.9,41.5,0
2026-01-04 04:30:00,188.92,0.0025,847.7,41.9,53.6,0
2026-01-04 04:45:00,184.1,0.0166,989.4,57.3,44.9,0
2026-01-04 05:00:00,181.95,0.0102,923.4,65.3,43.7,0
2026-01-04 05:15:00,192.4,0.0148,994.7,51.5,55.0,0
2026-01-04 05:30:00,172.96,0.017,826.9,62.9,49.6,0
2026-01-04 05:45:00,180.29,0.0164,1000.2,50.3,49.6,0
2026-01-04 06:00:00,191.24,0.0186,910.8,42.0,36.3,0
2026-01-04 06:15:00,212.67,0.0243,1011.0,67.7,41.2,0
2026-01-04 06:30:00,173.98,0.0486,888.1,45.2,41.7,0
2026-01-04 06:45:00,169.07,0.0097,923.9,47.1,51.6,0
2026-01-04 07:00:00,188.94,0.046,897.8,59.5,53.1,0
2026-01-04 07:15:00,205.54,0.0075,711.0,48.1,60.1,0
2026-01-04 07:30:00,198.42,0.0107,931.2,50.9,41.4,0
2026-01-04 07:45:00,184.2,0.0027,844.4,48.2,60.3,0
2026-01-04 08:00:00,202.37,0.0488,721.0,42.6,46.2,0
2026-01-04 08:15:00,147.73,0.012,804.7,50.9,48.6,0
2026-01-04 08:30:00,198.52,0.0152,892.0,55.0,47.2,0
2026-01-04 08:45:00,174.66,0.0423,786.0,47.4,49.8,0
2026-01-04 09:00:00,186.09,0.0237,780.0,53.6,52.9,0
2026-01-04 09:15:00,192.89,0.0112,632.6,49.7,55.3,0
2026-01-04 09:30:00,379.97,0.2304,712.8,85.0,46.3,1
2026-01-04 09:45:00,654.95,0.2448,822.3,76.3,48.6,1
2026-01-04 10:00:00,160.45,0.0257,818.2,46.8,41.6,0
2026-01-04 10:15:00,197.95,0.0089,758.9,51.6,52.7,0
2026-01-04 10:30:00,173.7,0.0121,785.0,39.5,49.9,0
2026-01-04 10:45:00,171.5,0.005,716.1,71.1,42.6,0
2026-01-04 11:00:00,186.23,0.0209,727.6,28.0,39.3,0
2026-01-04 11:15:00,150.01,0.0356,651.9,42.2,49.1,0
2026-01-04 11:30:00,154.56,0.0164,691.8,51.6,57.1,0
2026-01-04 11:45:00,175.93,0.0393,724.2,53.9,59.1,0
2026-01-04 12:00:00,181.94,0.0018,610.6,39.2,38.9,0
2026-01-04 12:15:00,150.8,0.0432,887.6,45.8,54.5,0
2026-01-04 12:30:00,156.96,0.032,670.7,47.5,53.6,0
2026-01-04 12:45:00,121.41,0.0394,734.7,37.4,57.7,0
2026-01-04 13:00:00,164.02,0.063,638.6,36.9,51.3,0
2026-01-04 13:15:00,121.44,0.0073,514.5,51.3,45.7,0
2026-01-04 13:30:00,131.23,0.0318,846.0,56.8,53.5,0
2026-01-04 13:45:00,144.33,0.02,730.1,48.2,30.0,0
2026-01-04 14:00:00,120.82,0.01,591.9,51.8,41.1,0
2026-01-04 14:15:00,97.59,0.0145,672.3,47.8,41.9,0
2026-01-04 14:30:00,110.26,0.0219,888.9,44.8,43.3,0
2026-01-04 14:45:00,134.27,0.0246,777.9,39.7,37.4,0
2026-01-04 15:00:00,152.18,0.0626,592.1,50.7,44.0,0
2026-01-04 15:15:00,150.74,0.0035,736.9,42.9,44.1,0
2026-01-04 15:30:00,132.13,0.0104,759.9,55.2,46.2,0
2026-01-04 15:45:00,128.07,0.031,809.5,47.1,50.0,0
2026-01-04 16:00:00,134.05,0.0069,809.4,60.0,39.2,0
2026-01-04 16:15:00,143.55,0.0015,688.6,39.7,44.8,0
2026-01-04 16:30:00,503.27,0.1916,765.6,76.0,47.4,1
2026-01-04 16:45:00,122.41,0.0032,746.5,50.1,35.0,0
2026-01-04 17:00:00,119.86,0.0849,905.8,48.5,47.5,0
2026-01-04 17:15:00,134.37,0.0162,815.4,50.9,49.7,0
2026-01-04 17:30:00,91.56,0.016,814.6,49.1,53.3,0
2026-01-04 17:45:00,116.49,0.1098,835.2,45.9,38.8,0
2026-01-04 18:00:00,122.21,0.0048,839.7,48.0,46.9,0
2026-01-04 18:15:00,80.92,0.0354,1005.6,35.6,56.7,0
2026-01-04 18:30:00,131.51,0.0514,978.6,64.5,35.8,0
2026-01-04 18:45:00,134.37,0.0144,981.9,47.5,48.0,0
2026-01-04 19:00:00,81.16,0.0018,860.2,54.0,37.3,0
2026-01-04 19:15:00,108.75,0.0132,971.2,35.8,45.0,0
2026-01-04 19:30:00,109.35,0.0033,1001.8,45.9,42.4,0
2026-01-04 19:45:00,100.19,0.0157,874.8,52.7,50.6,0
2026-01-04 20:00:00,106.17,0.0089,907.9,65.8,45.9,0
2026-01-04 20:15:00,110.29,0.0347,920.6,55.1,39.1,0
2026-01-04 20:30:00,130.67,0.0053,887.7,55.4,58.7,0
2026-01-04 20:45:00,142.14,0.02,1063.3,50.2,49.2,0
2026-01-04 21:00:00,135.18,0.0228,1094.1,54.5,54.9,0
2026-01-04 21:15:00,108.8,0.002,1004.6,51.4,40.3,0
2026-01-04 21:30:00,139.49,0.0011,1022.8,55.8,45.2,0
2026-01-04 21:45:00,136.12,0.042,979.6,62.5,55.0,0
2026-01-04 22:00:00,79.7,0.0081,1217.9,54.0,42.8,0
2026-01-04 22:15:00,154.82,0.0362,1025.4,53.6,48.0,0
2026-01-04 22:30:00,134.9,0.0247,1018.9,50.1,47.5,0
2026-01-04 22:45:00,135.57,0.0125,1046.9,51.7,31.5,0
2026-01-04 23:00:00,109.57,0.0273,981.8,61.7,47.5,0
2026-01-04 23:15:00,589.77,0.3497,1092.6,89.2,45.1,1
2026-01-04 23:30:00,147.01,0.0122,1173.7,58.6,46.8,0
2026-01-04 23:45:00,154.89,0.0221,1061.7,53.0,43.0,0
2026-01-05 00:00:00,126.17,0.0397,1136.1,48.5,39.0,0
2026-01-05 00:15:00,647.42,0.1973,942.8,85.4,42.3,1
2026-01-05 00:30:00,159.57,0.0079,1013.3,59.9,44.3,0
2026-01-05 00:45:00,147.2,0.0529,1086.8,61.5,52.2,0
2026-01-05 01:00:00,135.78,0.0197,944.5,51.8,44.1,0
2026-01-05 01:15:00,157.95,0.0076,1096.8,48.5,48.8,0
2026-01-05 01:30:00,141.87,0.0311,1052.3,59.0,49.4,0
2026-01-05 01:45:00,146.49,0.0138,1094.6,63.3,44.2,0
2026-01-05 02:00:00,188.38,0.0238,1039.6,60.4,54.8,0
2026-01-05 02:15:00,169.06,0.0662,1044.4,47.5,45.4,0
2026-01-05 02:30:00,166.04,0.0435,873.5,53.7,44.1,0
2026-01-05 02:45:00,146.34,0.0382,979.5,37.0,55.7,0
2026-01-05 03:00:00,173.92,0.0311,1062.8,64.8,49.0,0
2026-01-05 03:15:00,172.05,0.004,928.2,53.0,31.3,0
2026-01-05 03:30:00,157.08,0.0251,958.6,53.8,29.4,0
2026-01-05 03:45:00,194.28,0.0079,996.7,65.3,59.2,0
2026-01-05 04:00:00,198.98,0.0446,965.9,47.6,48.6,0
2026-01-05 04:15:00,166.37,0.0222,1040.1,54.6,46.8,0
2026-01-05 04:30:00,187.44,0.0063,1006.1,46.2,32.5,0
2026-01-05 04:45:00,146.96,0.009,943.7,40.0,47.0,0
2026-01-05 05:00:00,189.54,0.0319,826.6,52.1,40.6,0
2026-01-05 05:15:00,197.87,0.0447,1160.6,57.8,45.8,0
2026-01-05 05:30:00,163.6,0.0314,949.2,35.1,42.9,0
2026-01-05 05:45:00,184.08,0.0065,1010.5,59.0,46.0,0
2026-01-05 06:00:00,187.3,0.0549,733.1,47.9,49.4,0
2026-01-05 06:15:00,237.0,0.0386,874.0,56.8,50.6,0
2026-01-05 06:30:00,231.45,0.0108,871.3,52.6,47.5,0
2026-01-05 06:45:00,190.79,0.0156,867.5,59.0,48.7,0
2026-01-05 07:00:00,171.86,0.002,907.9,60.6,35.5,0
2026-01-05 07:15:00,188.21,0.006,834.9,51.6,47.4,0
2026-01-05 07:30:00,204.08,0.0078,823.3,57.2,49.4,0
2026-01-05 07:45:00,153.68,0.0017,852.5,57.4,47.4,0
2026-01-05 08:00:00,142.66,0.0126,811.8,40.2,58.4,0
2026-01-05 08:15:00,159.68,0.0316,725.3,41.0,46.2,0
2026-01-05 08:30:00,194.03,0.0338,879.3,42.7,38.7,0
2026-01-05 08:45:00,195.08,0.0045,769.5,54.2,48.0,0
2026-01-05 09:00:00,182.71,0.0171,765.5,43.1,44.0,0
2026-01-05 09:15:00,194.74,0.0401,877.5,34.5,35.9,0
2026-01-05 09:30:00,171.48,0.0124,976.1,44.5,45.9,0
2026-01-05 09:45:00,169.87,0.0195,805.5,46.4,58.3,0
2026-01-05 10:00:00,174.43,0.0191,622.2,49.9,45.4,0
2026-01-05 10:15:00,198.3,0.0029,724.0,58.4,55.6,0
2026-01-05 10:30:00,174.9,0.0011,864.2,58.2,53.0,0
2026-01-05 10:45:00,165.78,0.0223,728.0,49.5,64.6,0
2026-01-05 11:00:00,166.31,0.0039,784.4,42.5,51.2,0
2026-01-05 11:15:00,184.67,0.0089,783.4,33.1,48.5,0
2026-01-05 11:30:00,152.58,0.0655,676.9,43.3,48.6,0
2026-01-05 11:45:00,151.0,0.0324,858.6,48.2,49.9,0
2026-01-05 12:00:00,141.47,0.0166,750.0,49.3,46.2,0
2026-01-05 12:15:00,164.67,0.0604,718.1,55.1,44.4,0
2026-01-05 12:30:00,135.97,0.0522,708.5,53.1,51.2,0
2026-01-05 12:45:00,161.53,0.0089,638.0,47.2,43.6,0
2026-01-05 13:00:00,114.46,0.0078,670.9,43.9,34.9,0
2026-01-05 13:15:00,136.27,0.0045,654.5,34.6,38.8,0
2026-01-05 13:30:00,139.89,0.0058,885.3,44.5,59.5,0
2026-01-05 13:45:00,173.12,0.0126,798.7,41.7,45.8,0
2026-01-05 14:00:00,149.97,0.0257,673.4,67.9,53.4,0
2026-01-05 14:15:00,126.09,0.0244,873.1,66.7,43.1,0
2026-01-05 14:30:00,123.17,0.03,839.7,40.0,54.2,0
2026-01-05 14:45:00,120.36,0.0235,699.1,50.7,50.8,0
2026-01-05 15:00:00,105.05,0.0111,809.9,38.8,61.9,0
2026-01-05 15:15:00,154.33,0.0035,725.0,49.8,57.2,0
2026-01-05 15:30:00,111.64,0.04,844.5,46.3,53.1,0
2026-01-05 15:45:00,156.23,0.026,807.2,48.4,43.9,0
2026-01-05 16:00:00,121.48,0.0151,780.4,57.5,39.8,0
2026-01-05 16:15:00,118.2,0.0461,723.4,51.0,47.0,0
2026-01-05 16:30:00,121.45,0.0041,805.5,56.5,48.1,0
2026-01-05 16:45:00,141.47,0.037,844.4,54.2,45.1,0
2026-01-05 17:00:00,100.81,0.0134,944.4,46.1,52.9,0
2026-01-05 17:15:00,125.34,0.0074,897.4,40.7,48.5,0
2026-01-05 17:30:00,115.49,0.0013,918.3,49.1,48.0,0
2026-01-05 17:45:00,123.45,0.0377,800.8,47.0,58.7,0
2026-01-05 18:00:00,111.32,0.0362,761.5,44.5,48.7,0
2026-01-05 18:15:00,108.5,0.016,781.5,43.4,38.5,0
2026-01-05 18:30:00,124.45,0.0231,879.6,51.4,55.2,0
2026-01-05 18:45:00,90.15,0.0599,845.9,60.8,49.5,0
2026-01-05 19:00:00,141.28,0.0133,938.0,35.1,46.1,0
2026-01-05 19:15:00,118.14,0.0181,998.0,43.0,41.3,0
2026-01-05 19:30:00,106.3,0.039,990.5,54.9,56.8,0
2026-01-05 19:45:00,122.83,0.0045,782.4,34.2,59.8,0
2026-01-05 20:00:00,107.19,0.0959,1170.6,44.5,43.3,0
2026-01-05 20:15:00,121.11,0.0045,1017.4,70.2,50.1,0
2026-01-05 20:30:00,121.22,0.0036,1010.3,57.7,51.1,0
2026-01-05 20:45:00,142.34,0.0179,979.6,74.0,35.8,0
2026-01-05 21:00:00,130.27,0.0266,1007.7,39.5,47.7,0
2026-01-05 21:15:00,105.1,0.0128,1104.3,71.6,35.8,0
2026-01-05 21:30:00,135.71,0.0036,959.1,41.8,47.9,0
2026-01-05 21:45:00,138.23,0.0176,1048.7,61.0,63.8,0
2026-01-05 22:00:00,103.48,0.0701,1162.0,38.5,37.9,0
2026-01-05 22:15:00,111.11,0.0059,1069.2,56.6,61.1,0
2026-01-05 22:30:00,168.68,0.0142,1091.8,57.5,60.4,0
2026-01-05 22:45:00,126.53,0.0072,957.6,48.6,48.0,0
2026-01-05 23:00:00,135.39,0.0401,1131.7,44.2,51.6,0
2026-01-05 23:15:00,140.31,0.0165,1099.7,52.5,46.0,0
2026-01-05 23:30:00,129.41,0.0326,1066.8,56.1,44.9,0
2026-01-05 23:45:00,109.04,0.0303,1124.4,46.0,49.4,0
2026-01-06 00:00:00,129.8,0.0079,1000.0,51.3,42.6,0
2026-01-06 00:15:00,138.5,0.0173,1206.1,56.2,51.3,0
2026-01-06 00:30:00,140.95,0.0355,1282.5,61.7,48.3,0
2026-01-06 00:45:00,136.15,0.0461,1037.9,40.9,40.5,0
2026-01-06 01:00:00,132.2,0.0084,1156.2,51.1,53.0,0
2026-01-06 01:15:00,149.09,0.0361,1063.8,55.6,53.1,0
2026-01-06 01:30:00,179.13,0.0159,987.7,49.6,55.9,0
2026-01-06 01:45:00,146.96,0.0599,1164.7,47.2,44.6,0
2026-01-06 02:00:00,164.22,0.0172,1036.0,61.1,55.2,0
2026-01-06 02:15:00,193.49,0.0237,1098.7,62.5,63.2,0
2026-01-06 02:30:00,155.13,0.0233,1189.6,62.4,48.2,0
2026-01-06 02:45:00,222.53,0.0478,1092.8,51.7,48.8,0
2026-01-06 03:00:00,190.8,0.0278,1041.9,52.1,52.8,0
2026-01-06 03:15:00,176.14,0.006,960.1,62.3,32.8,0
2026-01-06 03:30:00,170.28,0.0073,960.3,58.7,38.4,0
2026-01-06 03:45:00,198.91,0.0143,1017.7,63.4,44.1,0
2026-01-06 04:00:00,167.83,0.0153,963.5,53.0,45.6,0
2026-01-06 04:15:00,172.52,0.0315,1037.6,58.6,48.8,0
2026-01-06 04:30:00,209.24,0.0206,913.8,56.8,49.9,0
2026-01-06 04:45:00,173.55,0.0044,935.7,63.4,38.4,0
2026-01-06 05:00:00,175.41,0.0135,936.0,33.6,56.1,0
2026-01-06 05:15:00,171.88,0.0096,953.3,53.1,50.3,0
2026-01-06 05:30:00,149.02,0.0068,950.7,59.7,48.4,0
2026-01-06 05:45:00,525.64,0.1569,932.9,95.4,51.4,1
2026-01-06 06:00:00,184.23,0.0122,845.1,46.6,43.7,0
2026-01-06 06:15:00,204.25,0.0267,940.6,55.0,46.3,0
2026-01-06 06:30:00,364.02,0.144,982.8,91.1,40.4,1
2026-01-06 06:45:00,177.4,0.079,921.7,61.6,32.6,0
2026-01-06 07:00:00,171.87,0.039,812.8,52.5,46.3,0
2026-01-06 07:15:00,196.12,0.0306,719.3,50.0,60.1,0
2026-01-06 07:30:00,169.33,0.0073,969.6,50.3,44.0,0
2026-01-06 07:45:00,190.73,0.0047,841.2,59.1,37.1,0
2026-01-06 08:00:00,181.0,0.1257,902.5,61.2,52.0,0
2026-01-06 08:15:00,161.54,0.0196,924.9,60.0,44.6,0
2026-01-06 08:30:00,172.24,0.0226,866.3,56.5,51.1,0
2026-01-06 08:45:00,180.49,0.003,876.8,52.7,52.6,0
2026-01-06 09:00:00,169.16,0.0277,834.0,45.3,44.5,0
2026-01-06 09:15:00,208.86,0.0322,757.2,42.7,50.9,0
2026-01-06 09:30:00,178.98,0.0151,692.3,55.7,47.8,0
2026-01-06 09:45:00,171.22,0.0333,828.6,59.0,34.2,0
2026-01-06 10:00:00,160.96,0.0424,637.0,48.4,44.3,0
2026-01-06 10:15:00,163.37,0.0011,716.6,49.9,42.2,0
2026-01-06 10:30:00,156.56,0.0155,699.3,49.3,37.4,0
2026-01-06 10:45:00,152.68,0.0083,784.2,58.7,42.1,0
2026-01-06 11:00:00,169.83,0.0001,742.4,54.4,52.7,0
2026-01-06 11:15:00,186.78,0.0309,681.2,43.8,48.1,0
2026-01-06 11:30:00,150.95,0.0202,696.6,51.6,35.0,0
2026-01-06 11:45:00,166.79,0.0155,863.2,37.9,40.2,0
2026-01-06 12:00:00,138.04,0.034,665.1,42.0,48.1,0
2026-01-06 12:15:00,151.87,0.0494,707.2,33.7,48.0,0
2026-01-06 12:30:00,126.45,0.0159,760.5,41.8,45.8,0
2026-01-06 12:45:00,134.64,0.0465,724.9,41.9,53.3,0
2026-01-06 13:00:00,124.94,0.0267,768.8,32.2,50.6,0
2026-01-06 13:15:00,138.33,0.004,803.0,58.8,44.0,0
2026-01-06 13:30:00,119.88,0.0075,826.9,45.8,43.3,0
2026-01-06 13:45:00,100.61,0.0263,729.3,45.5,46.6,0
2026-01-06 14:00:00,107.84,0.0644,772.5,42.0,33.4,0
2026-01-06 14:15:00,129.36,0.0329,758.8,53.2,50.0,0
2026-01-06 14:30:00,118.23,0.0393,681.4,58.3,39.2,0
2026-01-06 14:45:00,122.08,0.0122,757.8,52.8,56.5,0
2026-01-06 15:00:00,130.01,0.0057,657.4,49.6,36.0,0
2026-01-06 15:15:00,110.47,0.0271,799.0,33.6,50.6,0
2026-01-06 15:30:00,123.81,0.0024,623.5,45.4,34.1,0
2026-01-06 15:45:00,163.71,0.0347,703.5,52.8,43.5,0
2026-01-06 16:00:00,112.83,0.0157,869.9,60.3,50.8,0
2026-01-06 16:15:00,115.99,0.0216,842.6,55.0,54.4,0
2026-01-06 16:30:00,126.54,0.0032,808.8,66.3,54.1,0
2026-01-06 16:45:00,104.97,0.0093,778.5,43.2,52.8,0
2026-01-06 17:00:00,105.54,0.0346,792.9,43.4,53.6,0
2026-01-06 17:15:00,114.48,0.0161,813.4,52.7,54.2,0
2026-01-06 17:30:00,119.69,0.038,901.4,61.4,44.0,0
2026-01-06 17:45:00,99.44,0.0186,835.6,61.6,45.3,0
2026-01-06 18:00:00,397.9,0.1159,754.1,64.3,52.7,1
2026-01-06 18:15:00,142.84,0.0088,813.8,50.5,55.6,0
2026-01-06 18:30:00,80.57,0.0254,843.2,57.8,46.8,0
2026-01-06 18:45:00,122.05,0.0087,881.5,58.3,44.1,0
2026-01-06 19:00:00,114.55,0.0151,926.0,56.2,43.9,0
2026-01-06 19:15:00,110.85,0.03,872.7,50.0,42.0,0
2026-01-06 19:30:00,122.07,0.0417,989.6,28.5,51.1,0
2026-01-06 19:45:00,141.02,0.031,808.0,66.0,55.8,0
2026-01-06 20:00:00,124.32,0.0126,937.8,56.8,51.2,0
2026-01-06 20:15:00,136.95,0.0097,1044.9,46.8,47.7,0
2026-01-06 20:30:00,118.99,0.0459,1027.8,50.9,61.2,0
2026-01-06 20:45:00,126.26,0.0195,971.1,54.6,47.9,0
2026-01-06 21:00:00,115.46,0.0282,1093.0,58.5,57.6,0
2026-01-06 21:15:00,125.93,0.016,1045.5,42.7,40.3,0
2026-01-06 21:30:00,120.36,0.0178,1032.2,45.7,49.5,0
2026-01-06 21:45:00,127.17,0.0364,1069.3,58.3,41.1,0
2026-01-06 22:00:00,102.71,0.0172,1084.3,49.9,41.5,0
2026-01-06 22:15:00,112.43,0.0618,1149.1,41.5,42.3,0
2026-01-06 22:30:00,153.89,0.0122,1036.6,47.3,48.4,0
2026-01-06 22:45:00,157.59,0.0269,1038.9,53.6,44.8,0
2026-01-06 23:00:00,109.78,0.0126,1087.6,41.5,33.5,0
2026-01-06 23:15:00,130.74,0.0505,1075.4,67.4,44.9,0
2026-01-06 23:30:00,127.48,0.0269,1203.8,66.2,43.6,0
2026-01-06 23:45:00,145.5,0.0032,1110.6,62.3,35.8,0
2026-01-07 00:00:00,148.49,0.012,1029.4,54.3,51.2,0
2026-01-07 00:15:00,162.24,0.0267,975.6,42.7,52.7,0
2026-01-07 00:30:00,125.68,0.0056,1190.0,49.7,52.3,0
2026-01-07 00:45:00,156.3,0.0346,1053.7,64.6,59.9,0
2026-01-07 01:00:00,153.05,0.0243,1097.0,48.4,40.1,0
2026-01-07 01:15:00,145.79,0.041,1072.6,54.0,40.3,0
2026-01-07 01:30:00,167.01,0.1011,1130.3,53.0,47.8,0
2026-01-07 01:45:00,154.61,0.0077,1035.2,52.4,47.2,0
2026-01-07 02:00:00,165.69,0.041,1064.2,53.1,48.9,0
2026-01-07 02:15:00,191.55,0.019,1017.7,51.4,53.9,0
2026-01-07 02:30:00,168.78,0.0175,1250.6,53.9,46.2,0
2026-01-07 02:45:00,202.51,0.015,1003.2,50.5,55.2,0
2026-01-07 03:00:00,132.81,0.0656,1066.5,52.5,42.6,0
2026-01-07 03:15:00,174.58,0.0165,1226.5,49.5,44.5,0
2026-01-07 03:30:00,154.74,0.0222,1104.2,43.7,40.2,0
2026-01-07 03:45:00,158.04,0.0322,1025.8,50.5,24.1,0
2026-01-07 04:00:00,168.51,0.0249,1001.7,46.0,35.7,0
2026-01-07 04:15:00,196.92,0.0308,933.1,51.3,54.3,0
2026-01-07 04:30:00,172.99,0.0472,1107.6,46.4,55.7,0
2026-01-07 04:45:00,159.76,0.0367,974.2,37.4,39.0,0
2026-01-07 05:00:00,195.68,0.0489,941.4,63.6,54.5,0
2026-01-07 05:15:00,162.52,0.0124,885.1,45.9,31.0,0
2026-01-07 05:30:00,213.9,0.0599,924.7,33.9,40.8,0
2026-01-07 05:45:00,160.57,0.0533,951.2,58.1,44.7,0
2026-01-07 06:00:00,179.83,0.0389,976.3,48.6,55.4,0
2026-01-07 06:15:00,219.64,0.0285,918.6,51.0,60.6,0
2026-01-07 06:30:00,539.64,0.1216,976.6,97.5,44.8,1
2026-01-07 06:45:00,192.63,0.0038,740.1,55.7,47.5,0
2026-01-07 07:00:00,181.84,0.0022,951.5,53.8,55.3,0
2026-01-07 07:15:00,183.78,0.0386,759.5,36.7,63.7,0
2026-01-07 07:30:00,169.07,0.0099,907.3,41.0,56.3,0
2026-01-07 07:45:00,191.96,0.0021,635.8,34.2,39.5,0
2026-01-07 08:00:00,204.2,0.0133,814.6,45.0,54.1,0
2026-01-07 08:15:00,145.35,0.0538,876.3,53.2,43.5,0
2026-01-07 08:30:00,163.67,0.0225,751.1,41.3,57.8,0
2026-01-07 08:45:00,170.36,0.0259,812.5,43.5,52.4,0
2026-01-07 09:00:00,158.78,0.0019,837.6,43.6,40.8,0
2026-01-07 09:15:00,186.32,0.0201,824.1,44.4,55.7,0
2026-01-07 09:30:00,163.84,0.006,663.5,51.7,51.7,0
2026-01-07 09:45:00,176.21,0.0018,842.6,47.2,50.8,0
2026-01-07 10:00:00,194.34,0.0178,863.7,58.7,48.2,0
2026-01-07 10:15:00,135.19,0.0423,829.2,45.0,44.3,0
2026-01-07 10:30:00,173.21,0.0642,658.0,46.4,52.3,0
2026-01-07 10:45:00,165.29,0.0267,668.1,44.9,63.4,0
2026-01-07 11:00:00,156.9,0.0531,731.5,49.9,61.4,0
2026-01-07 11:15:00,142.77,0.01,767.1,52.5,46.7,0
2026-01-07 11:30:00,152.21,0.0346,787.1,48.8,33.3,0
2026-01-07 11:45:00,158.92,0.0614,670.7,68.1,44.2,0
2026-01-07 12:00:00,146.69,0.0943,714.8,59.5,49.0,0
2026-01-07 12:15:00,162.55,0.0076,662.7,42.1,50.0,0
2026-01-07 12:30:00,130.31,0.0129,649.5,57.0,54.3,0
2026-01-07 12:45:00,124.86,0.0219,748.4,57.9,53.1,0
2026-01-07 13:00:00,104.83,0.0238,721.0,37.2,53.2,0
2026-01-07 13:15:00,143.49,0.0255,758.0,31.5,43.6,0
2026-01-07 13:30:00,154.56,0.1061,686.1,48.8,44.3,0
2026-01-07 13:45:00,119.82,0.024,773.0,47.6,40.4,0
2026-01-07 14:00:00,109.77,0.0286,665.2,26.9,49.8,0
2026-01-07 14:15:00,166.49,0.0027,712.2,48.6,54.1,0
2026-01-07 14:30:00,155.49,0.0198,666.6,47.2,55.5,0
2026-01-07 14:45:00,156.51,0.0363,764.0,43.7,30.4,0
2026-01-07 15:00:00,131.54,0.0043,899.6,63.6,51.3,0
2026-01-07 15:15:00,137.95,0.0364,798.5,47.4,40.7,0
2026-01-07 15:30:00,120.08,0.0542,765.6,45.4,52.1,0
2026-01-07 15:45:00,99.62,0.0484,758.9,48.5,40.7,0
2026-01-07 16:00:00,94.97,0.0073,769.4,37.7,53.1,0
2026-01-07 16:15:00,119.75,0.0213,887.4,43.4,43.5,0
2026-01-07 16:30:00,136.34,0.0186,838.8,27.3,43.6,0
2026-01-07 16:45:00,116.67,0.0499,692.9,50.4,53.6,0
2026-01-07 17:00:00,127.15,0.0086,929.6,58.9,44.1,0
2026-01-07 17:15:00,114.58,0.0311,792.5,51.3,54.7,0
2026-01-07 17:30:00,121.67,0.0093,807.5,51.0,53.2,0
2026-01-07 17:45:00,130.07,0.0237,881.6,49.9,47.2,0
2026-01-07 18:00:00,328.46,0.2107,858.1,93.3,44.8,1
2026-01-07 18:15:00,120.14,0.0033,1057.0,52.5,56.9,0
2026-01-07 18:30:00,149.91,0.0237,883.3,57.8,53.8,0
2026-01-07 18:45:00,110.8,0.0163,944.3,58.0,59.5,0
2026-01-07 19:00:00,140.02,0.0066,838.5,38.7,35.8,0
2026-01-07 19:15:00,126.68,0.0223,903.4,56.2,46.0,0
2026-01-07 19:30:00,370.35,0.2897,937.4,84.1,44.8,1
2026-01-07 19:45:00,141.64,0.0198,1016.4,48.5,51.6,0
2026-01-07 20:00:00,370.03,0.3175,914.7,82.9,41.4,1
2026-01-07 20:15:00,115.21,0.0415,1074.0,64.0,42.3,0
2026-01-07 20:30:00,135.41,0.0136,998.9,46.9,48.3,0
2026-01-07 20:45:00,106.29,0.0359,1012.9,55.5,34.9,0
2026-01-07 21:00:00,123.97,0.0047,975.1,39.7,33.9,0
2026-01-07 21:15:00,137.08,0.0039,959.7,50.4,47.2,0
2026-01-07 21:30:00,110.45,0.0495,874.9,46.6,66.6,0
2026-01-07 21:45:00,121.01,0.0643,1048.3,63.6,48.8,0
2026-01-07 22:00:00,126.14,0.0074,1099.8,48.5,45.4,0
2026-01-07 22:15:00,149.85,0.0062,1030.6,40.7,51.0,0
2026-01-07 22:30:00,160.73,0.004,945.0,48.2,52.0,0
2026-01-07 22:45:00,112.7,0.0085,1017.0,48.1,47.1,0
2026-01-07 23:00:00,142.34,0.0223,1100.0,56.4,43.3,0
2026-01-07 23:15:00,131.51,0.0333,1086.7,64.8,37.0,0
2026-01-07 23:30:00,141.5,0.0126,1120.9,52.2,54.3,0
2026-01-07 23:45:00,672.65,0.2147,960.6,86.4,44.7,1
2026-01-08 00:00:00,156.84,0.0362,1051.6,52.8,51.3,0
2026-01-08 00:15:00,139.87,0.0027,1073.0,58.0,55.4,0
2026-01-08 00:30:00,125.37,0.0065,1124.3,47.1,45.9,0
2026-01-08 00:45:00,167.98,0.0349,1037.8,53.2,37.7,0
2026-01-08 01:00:00,150.79,0.0097,1111.3,62.3,46.4,0
2026-01-08 01:15:00,145.09,0.025,1007.4,46.8,46.9,0
2026-01-08 01:30:00,164.53,0.0152,1089.1,52.9,51.5,0
2026-01-08 01:45:00,169.48,0.003,1053.3,53.1,44.0,0
2026-01-08 02:00:00,160.87,0.0284,1031.3,41.4,43.6,0
2026-01-08 02:15:00,150.47,0.0237,1224.8,62.5,45.3,0
2026-01-08 02:30:00,192.13,0.0017,1032.6,48.7,50.6,0
2026-01-08 02:45:00,179.8,0.0204,1026.3,52.8,54.3,0
2026-01-08 03:00:00,192.52,0.0705,927.6,56.3,64.3,0
2026-01-08 03:15:00,168.32,0.0175,1096.6,60.2,61.5,0
2026-01-08 03:30:00,159.81,0.0071,989.2,43.0,47.1,0
2026-01-08 03:45:00,165.16,0.0013,1025.0,56.5,43.0,0
2026-01-08 04:00:00,152.89,0.0143,930.9,59.4,43.6,0
2026-01-08 04:15:00,174.29,0.0235,1019.1,47.8,38.8,0
2026-01-08 04:30:00,168.15,0.0141,1055.3,60.1,48.9,0
2026-01-08 04:45:00,178.91,0.0183,1081.6,57.5,41.1,0
2026-01-08 05:00:00,184.69,0.1047,938.4,55.6,40.3,0
2026-01-08 05:15:00,185.44,0.0256,905.0,57.9,40.7,0
2026-01-08 05:30:00,173.27,0.0362,900.5,43.9,54.2,0
2026-01-08 05:45:00,162.42,0.002,947.8,44.3,47.4,0
2026-01-08 06:00:00,159.04,0.007,917.8,60.6,38.5,0
2026-01-08 06:15:00,188.52,0.0039,938.1,49.2,54.2,0
2026-01-08 06:30:00,187.44,0.0232,840.7,38.3,56.3,0
2026-01-08 06:45:00,159.94,0.0228,909.4,49.9,44.8,0
2026-01-08 07:00:00,209.48,0.0212,782.1,48.1,42.5,0
2026-01-08 07:15:00,198.83,0.0568,844.3,52.0,41.9,0
2026-01-08 07:30:00,165.42,0.0036,951.1,48.9,49.9,0
2026-01-08 07:45:00,188.59,0.0194,837.5,63.9,54.4,0
2026-01-08 08:00:00,177.85,0.0199,748.1,41.2,49.2,0
2026-01-08 08:15:00,185.06,0.0014,834.5,34.4,38.6,0
2026-01-08 08:30:00,183.41,0.0387,872.6,38.9,55.4,0
2026-01-08 08:45:00,192.4,0.0155,756.2,42.6,47.6,0
2026-01-08 09:00:00,201.37,0.0311,677.9,50.9,46.6,0
2026-01-08 09:15:00,180.13,0.0254,715.9,46.1,51.0,0
2026-01-08 09:30:00,615.46,0.259,741.9,91.7,55.3,1
2026-01-08 09:45:00,201.12,0.0218,879.0,45.3,40.0,0
2026-01-08 10:00:00,157.82,0.015,645.8,49.8,38.6,0
2026-01-08 10:15:00,150.7,0.0431,625.5,33.4,47.7,0
2026-01-08 10:30:00,179.6,0.0477,763.1,49.9,47.7,0
2026-01-08 10:45:00,145.49,0.0283,694.3,52.1,54.3,0
2026-01-08 11:00:00,144.52,0.021,656.7,39.3,56.9,0
2026-01-08 11:15:00,186.15,0.0179,771.6,62.2,44.5,0
2026-01-08 11:30:00,128.14,0.0548,732.5,33.0,50.3,0
2026-01-08 11:45:00,164.51,0.0071,796.5,54.8,51.2,0
2026-01-08 12:00:00,124.04,0.0168,771.4,55.4,51.9,0
2026-01-08 12:15:00,157.39,0.0496,635.4,39.3,36.7,0
2026-01-08 12:30:00,182.98,0.023,602.5,48.2,51.7,0
2026-01-08 12:45:00,131.77,0.0048,798.3,42.3,42.2,0
2026-01-08 13:00:00,103.08,0.0137,717.4,50.1,52.0,0
2026-01-08 13:15:00,147.36,0.0034,937.2,49.9,39.9,0
2026-01-08 13:30:00,129.64,0.0062,793.8,49.1,48.4,0
2026-01-08 13:45:00,137.63,0.0168,822.1,44.9,45.8,0
2026-01-08 14:00:00,139.06,0.0257,678.0,42.4,62.9,0
2026-01-08 14:15:00,142.63,0.0178,738.2,41.9,41.7,0
2026-01-08 14:30:00,142.81,0.025,800.7,54.4,41.2,0
2026-01-08 14:45:00,132.01,0.0048,738.2,61.4,58.2,0
2026-01-08 15:00:00,133.09,0.004,776.6,67.0,53.9,0
2026-01-08 15:15:00,121.87,0.051,789.8,56.5,49.7,0
2026-01-08 15:30:00,119.33,0.0469,722.0,47.8,44.4,0
2026-01-08 15:45:00,124.96,0.0312,710.9,55.6,39.7,0
2026-01-08 16:00:00,130.08,0.0058,797.2,52.0,44.7,0
2026-01-08 16:15:00,108.04,0.0332,781.0,46.1,43.9,0
2026-01-08 16:30:00,123.56,0.0512,748.6,64.1,42.8,0
2026-01-08 16:45:00,111.43,0.0357,801.1,57.1,44.1,0
2026-01-08 17:00:00,102.95,0.0215,762.0,42.6,43.8,0
2026-01-08 17:15:00,135.12,0.0215,906.8,58.9,54.4,0
2026-01-08 17:30:00,122.87,0.0156,894.7,55.6,37.9,0
2026-01-08 17:45:00,123.04,0.0339,901.3,43.6,50.5,0
2026-01-08 18:00:00,97.98,0.0169,841.3,50.6,49.6,0
2026-01-08 18:15:00,110.56,0.0012,832.4,49.4,47.2,0
2026-01-08 18:30:00,125.81,0.0032,992.5,32.0,52.4,0
2026-01-08 18:45:00,121.7,0.0603,886.3,39.6,50.7,0
2026-01-08 19:00:00,162.36,0.033,986.5,61.4,48.4,0
2026-01-08 19:15:00,120.15,0.0335,865.9,44.8,55.4,0
2026-01-08 19:30:00,104.22,0.017,926.6,56.3,30.5,0
2026-01-08 19:45:00,108.36,0.0604,1030.0,63.6,63.1,0
2026-01-08 20:00:00,104.27,0.0398,999.4,36.4,55.9,0
2026-01-08 20:15:00,108.05,0.0252,972.5,65.4,59.8,0
2026-01-08 20:30:00,121.48,0.0105,1029.6,52.1,41.6,0
2026-01-08 20:45:00,111.34,0.004,1012.1,56.3,48.3,0
2026-01-08 21:00:00,149.3,0.031,1173.2,71.6,50.0,0
2026-01-08 21:15:00,141.11,0.002,1030.1,61.2,45.2,0
2026-01-08 21:30:00,140.8,0.0177,1072.6,52.9,49.1,0
2026-01-08 21:45:00,120.72,0.0273,1017.8,49.0,49.6,0
2026-01-08 22:00:00,148.95,0.0354,986.7,49.2,39.4,0
2026-01-08 22:15:00,150.92,0.0117,1085.4,50.0,53.0,0
2026-01-08 22:30:00,579.12,0.1855,953.2,85.8,52.4,1
2026-01-08 22:45:00,122.76,0.039,1124.9,59.6,43.1,0
2026-01-08 23:00:00,141.15,0.0172,981.7,54.3,38.7,0
2026-01-08 23:15:00,127.43,0.0043,1011.9,51.5,48.7,0
2026-01-08 23:30:00,188.45,0.0372,1006.0,58.9,42.1,0
2026-01-08 23:45:00,137.31,0.0448,1117.3,40.0,49.9,0
2026-01-09 00:00:00,172.96,0.0659,1001.6,67.9,42.4,0
2026-01-09 00:15:00,152.82,0.005,1115.7,52.9,58.5,0
2026-01-09 00:30:00,165.83,0.0093,1032.8,46.0,43.2,0
2026-01-09 00:45:00,149.74,0.045,1071.8,63.5,41.7,0
2026-01-09 01:00:00,175.68,0.0527,1036.3,62.6,48.2,0
2026-01-09 01:15:00,402.04,0.4136,1236.8,86.7,36.8,1
2026-01-09 01:30:00,189.75,0.0474,957.4,62.9,41.9,0
2026-01-09 01:45:00,164.57,0.0107,1108.1,63.0,36.4,0
2026-01-09 02:00:00,154.5,0.0152,1055.2,57.0,49.5,0
2026-01-09 02:15:00,176.83,0.0256,1001.3,39.9,54.5,0
2026-01-09 02:30:00,167.67,0.0364,1083.5,55.5,45.0,0
2026-01-09 02:45:00,149.74,0.0089,988.7,52.9,56.8,0
2026-01-09 03:00:00,181.57,0.0391,952.1,50.1,42.0,0
2026-01-09 03:15:00,163.65,0.0365,947.0,49.1,44.7,0
2026-01-09 03:30:00,170.5,0.0234,1033.0,59.6,54.3,0
2026-01-09 03:45:00,175.49,0.0229,985.3,42.8,53.0,0
2026-01-09 04:00:00,143.82,0.0267,929.3,61.3,51.2,0
2026-01-09 04:15:00,172.55,0.0257,1014.0,52.8,55.8,0
2026-01-09 04:30:00,196.94,0.0013,1065.5,47.4,47.6,0
2026-01-09 04:45:00,176.85,0.0099,890.7,48.7,50.1,0
2026-01-09 05:00:00,149.58,0.0132,969.8,54.0,43.2,0
2026-01-09 05:15:00,182.34,0.0234,983.3,64.2,61.5,0
2026-01-09 05:30:00,192.5,0.0107,1035.7,59.3,44.8,0
2026-01-09 05:45:00,178.45,0.0136,926.3,61.1,46.5,0
2026-01-09 06:00:00,180.22,0.0035,1008.1,52.6,49.5,0
2026-01-09 06:15:00,176.97,0.0133,940.9,50.2,52.7,0
2026-01-09 06:30:00,196.17,0.0329,768.5,63.7,52.6,0
2026-01-09 06:45:00,170.2,0.0048,921.0,50.5,29.0,0
2026-01-09 07:00:00,193.64,0.0149,852.2,46.0,60.4,0
2026-01-09 07:15:00,178.98,0.0166,922.3,46.4,59.3,0
2026-01-09 07:30:00,206.36,0.0257,936.0,54.2,56.8,0
2026-01-09 07:45:00,175.07,0.0084,785.4,40.5,49.0,0
2026-01-09 08:00:00,160.32,0.0246,873.4,52.2,56.7,0
2026-01-09 08:15:00,191.45,0.0129,801.0,50.7,49.8,0
2026-01-09 08:30:00,189.18,0.0063,760.4,53.4,49.7,0
2026-01-09 08:45:00,187.72,0.0623,911.4,37.4,52.9,0
2026-01-09 09:00:00,189.99,0.0025,739.4,32.3,51.8,0
2026-01-09 09:15:00,156.72,0.0122,775.0,45.4,55.2,0
2026-01-09 09:30:00,160.56,0.0355,767.5,47.7,32.9,0
2026-01-09 09:45:00,198.5,0.0148,808.8,40.6,47.4,0
2026-01-09 10:00:00,175.34,0.029,836.5,39.1,39.5,0
2026-01-09 10:15:00,159.3,0.0106,856.8,53.9,54.5,0
2026-01-09 10:30:00,135.76,0.0058,807.5,47.0,41.6,0
2026-01-09 10:45:00,145.1,0.0352,625.8,52.7,46.0,0
2026-01-09 11:00:00,141.82,0.0047,828.1,38.9,54.6,0
2026-01-09 11:15:00,148.96,0.0164,768.2,48.0,57.2,0
2026-01-09 11:30:00,164.56,0.0068,802.9,62.8,54.2,0
2026-01-09 11:45:00,134.47,0.022,705.0,45.3,53.3,0
2026-01-09 12:00:00,140.5,0.0512,719.1,43.3,39.7,0
2026-01-09 12:15:00,127.26,0.0105,786.5,56.5,40.9,0
2026-01-09 12:30:00,142.42,0.01,860.8,60.2,38.6,0
2026-01-09 12:45:00,192.92,0.02,733.6,43.1,40.6,0
2026-01-09 13:00:00,162.35,0.0353,638.8,42.0,49.1,0
2026-01-09 13:15:00,151.27,0.0255,767.9,55.7,55.0,0
2026-01-09 13:30:00,131.54,0.0225,713.1,50.2,55.0,0
2026-01-09 13:45:00,121.56,0.0186,652.2,49.3,35.0,0
2026-01-09 14:00:00,130.94,0.0396,734.9,50.1,47.7,0
2026-01-09 14:15:00,104.54,0.0046,777.5,48.6,46.1,0
2026-01-09 14:30:00,144.17,0.0513,817.8,57.7,31.8,0
2026-01-09 14:45:00,128.93,0.0045,710.3,58.9,53.8,0
2026-01-09 15:00:00,124.76,0.0441,741.9,40.1,53.6,0
2026-01-09 15:15:00,95.3,0.0171,765.6,55.9,43.7,0
2026-01-09 15:30:00,126.15,0.0117,895.6,50.8,45.8,0
2026-01-09 15:45:00,120.95,0.0334,866.7,40.3,49.0,0
2026-01-09 16:00:00,102.47,0.0344,849.5,42.9,50.9,0
2026-01-09 16:15:00,123.73,0.0503,846.9,47.0,43.5,0
2026-01-09 16:30:00,112.52,0.015,788.0,57.6,42.0,0
2026-01-09 16:45:00,124.99,0.0011,864.1,42.3,40.4,0
2026-01-09 17:00:00,317.34,0.3591,783.9,72.1,58.4,1
2026-01-09 17:15:00,96.67,0.0374,887.0,48.8,56.5,0
2026-01-09 17:30:00,118.12,0.0016,711.2,44.0,40.4,0
2026-01-09 17:45:00,117.78,0.0378,738.6,56.9,41.7,0
2026-01-09 18:00:00,137.39,0.0014,764.6,50.8,40.6,0
2026-01-09 18:15:00,130.14,0.0035,1031.7,59.3,37.6,0
2026-01-09 18:30:00,108.73,0.0554,888.9,47.9,61.7,0
2026-01-09 18:45:00,107.34,0.0097,805.3,39.8,42.9,0
2026-01-09 19:00:00,118.89,0.0457,1117.2,65.6,53.3,0
2026-01-09 19:15:00,95.97,0.008,892.3,46.3,45.6,0
2026-01-09 19:30:00,98.67,0.0032,983.4,57.9,46.5,0
2026-01-09 19:45:00,107.77,0.0013,891.8,48.1,46.0,0
2026-01-09 20:00:00,76.82,0.0311,1045.6,59.1,50.6,0
2026-01-09 20:15:00,101.88,0.1255,989.0,55.2,46.7,0
2026-01-09 20:30:00,113.71,0.0279,937.7,52.9,53.2,0
2026-01-09 20:45:00,169.3,0.0476,896.5,54.4,56.1,0
2026-01-09 21:00:00,113.66,0.0068,977.6,50.7,43.7,0
2026-01-09 21:15:00,137.14,0.0165,956.9,38.6,49.4,0
2026-01-09 21:30:00,121.69,0.0682,904.0,53.6,36.6,0
2026-01-09 21:45:00,470.21,0.158,1078.7,90.9,44.3,1
2026-01-09 22:00:00,113.01,0.0399,1134.0,55.1,48.1,0
2026-01-09 22:15:00,104.68,0.1133,1008.2,50.6,46.6,0
2026-01-09 22:30:00,157.29,0.0223,910.1,53.5,47.2,0
2026-01-09 22:45:00,108.56,0.0216,1081.3,62.3,51.6,0
2026-01-09 23:00:00,167.65,0.0456,1084.7,52.3,53.1,0
2026-01-09 23:15:00,134.26,0.0282,1003.8,41.1,33.1,0
2026-01-09 23:30:00,126.05,0.0308,1069.7,55.5,49.3,0
2026-01-09 23:45:00,131.65,0.0152,880.8,53.8,45.8,0
2026-01-10 00:00:00,399.34,0.3663,1080.6,91.3,44.6,1
2026-01-10 00:15:00,137.43,0.026,1069.3,50.3,57.8,0
2026-01-10 00:30:00,143.12,0.0361,1173.1,58.8,35.7,0
2026-01-10 00:45:00,167.55,0.0032,1097.8,52.9,47.6,0
2026-01-10 01:00:00,167.59,0.0046,1080.2,50.9,58.1,0
2026-01-10 01:15:00,196.45,0.0205,1211.4,54.5,48.5,0
2026-01-10 01:30:00,180.03,0.0244,1018.3,54.7,41.4,0
2026-01-10 01:45:00,146.53,0.0118,969.2,54.7,46.5,0
2026-01-10 02:00:00,190.95,0.0105,1119.8,51.0,60.4,0
2026-01-10 02:15:00,132.9,0.0022,1129.1,56.9,56.2,0
2026-01-10 02:30:00,181.36,0.0186,1130.7,58.4,44.4,0
2026-01-10 02:45:00,155.72,0.0159,1039.6,58.2,58.7,0
2026-01-10 03:00:00,185.47,0.0199,977.5,56.4,52.5,0
2026-01-10 03:15:00,210.09,0.0211,940.3,62.3,30.2,0
2026-01-10 03:30:00,144.68,0.0241,965.2,57.9,47.3,0
2026-01-10 03:45:00,191.36,0.0125,921.9,67.6,60.8,0
2026-01-10 04:00:00,195.43,0.0724,959.2,60.5,46.9,0
2026-01-10 04:15:00,192.2,0.0715,1106.1,62.9,58.6,0
2026-01-10 04:30:00,162.67,0.049,951.9,42.3,38.0,0
2026-01-10 04:45:00,178.7,0.0451,999.0,59.0,38.8,0
2026-01-10 05:00:00,166.47,0.0109,984.9,59.5,55.9,0
2026-01-10 05:15:00,191.55,0.0409,921.3,51.2,54.0,0
2026-01-10 05:30:00,160.33,0.0045,920.8,35.2,47.8,0
2026-01-10 05:45:00,175.94,0.0285,1036.6,35.0,54.1,0
2026-01-10 06:00:00,196.34,0.061,913.0,49.2,43.9,0
2026-01-10 06:15:00,171.81,0.0457,979.0,48.3,40.1,0
2026-01-10 06:30:00,177.87,0.0381,1067.1,42.3,50.7,0
2026-01-10 06:45:00,168.68,0.0366,839.1,53.2,46.0,0
2026-01-10 07:00:00,188.43,0.005,842.5,41.1,50.9,0
2026-01-10 07:15:00,181.33,0.008,841.7,36.8,49.4,0
2026-01-10 07:30:00,170.62,0.0059,818.7,66.2,45.7,0
2026-01-10 07:45:00,172.46,0.0092,823.2,53.9,61.2,0
2026-01-10 08:00:00,183.16,0.0472,908.2,47.9,40.7,0
2026-01-10 08:15:00,161.26,0.022,816.9,38.4,49.1,0
2026-01-10 08:30:00,179.51,0.0057,984.3,45.6,47.3,0
2026-01-10 08:45:00,180.91,0.0283,781.6,44.1,50.2,0
2026-01-10 09:00:00,177.56,0.0423,878.1,46.5,48.3,0
2026-01-10 09:15:00,588.82,0.2997,895.8,92.8,55.6,1
2026-01-10 09:30:00,185.64,0.0346,766.9,39.4,50.2,0
2026-01-10 09:45:00,192.06,0.0177,804.0,42.5,43.4,0
2026-01-10 10:00:00,179.15,0.0032,805.9,35.8,40.8,0
2026-01-10 10:15:00,171.28,0.0115,705.1,31.9,42.6,0
2026-01-10 10:30:00,141.82,0.0246,860.6,38.2,42.3,0
2026-01-10 10:45:00,197.66,0.0318,687.3,42.5,52.8,0
2026-01-10 11:00:00,160.11,0.021,689.7,45.0,47.4,0
2026-01-10 11:15:00,164.67,0.0169,690.5,51.2,50.8,0
2026-01-10 11:30:00,146.37,0.0158,741.9,51.7,38.4,0
2026-01-10 11:45:00,155.19,0.0633,749.1,53.5,45.8,0
2026-01-10 12:00:00,171.23,0.0828,675.5,44.7,51.4,0
2026-01-10 12:15:00,164.09,0.062,712.1,53.1,55.3,0
2026-01-10 12:30:00,144.4,0.015,642.0,29.4,37.6,0
2026-01-10 12:45:00,177.5,0.0098,801.5,54.3,59.0,0
2026-01-10 13:00:00,122.77,0.0307,774.8,48.6,58.1,0
2026-01-10 13:15:00,110.69,0.0079,701.8,55.3,55.1,0
2026-01-10 13:30:00,106.22,0.0379,712.7,26.4,56.9,0
2026-01-10 13:45:00,155.25,0.0265,679.7,54.5,45.4,0
2026-01-10 14:00:00,119.97,0.0065,679.1,34.2,42.4,0
2026-01-10 14:15:00,129.97,0.0388,668.5,56.0,48.6,0
2026-01-10 14:30:00,152.2,0.0187,679.3,40.5,50.1,0
2026-01-10 14:45:00,138.42,0.0065,811.2,52.9,43.6,0
2026-01-10 15:00:00,103.9,0.0045,845.2,49.5,52.1,0
2026-01-10 15:15:00,154.49,0.0115,676.9,55.3,57.9,0
2026-01-10 15:30:00,120.01,0.0165,821.6,51.0,54.3,0
2026-01-10 15:45:00,124.12,0.0068,687.3,59.9,48.3,0
2026-01-10 16:00:00,106.86,0.0304,863.5,44.8,30.9,0
2026-01-10 16:15:00,99.61,0.0284,815.9,41.4,37.2,0
2026-01-10 16:30:00,123.84,0.0333,773.5,43.7,47.3,0
2026-01-10 16:45:00,93.74,0.0357,841.2,55.2,52.5,0
2026-01-10 17:00:00,114.7,0.0337,947.8,57.5,38.0,0
2026-01-10 17:15:00,144.73,0.0214,722.2,37.7,48.7,0
2026-01-10 17:30:00,129.72,0.0614,933.1,45.0,53.0,0
2026-01-10 17:45:00,119.85,0.0047,797.7,51.7,47.5,0
2026-01-10 18:00:00,95.23,0.051,999.7,63.0,43.7,0
2026-01-10 18:15:00,113.91,0.0315,960.7,46.7,37.6,0
2026-01-10 18:30:00,100.67,0.0247,821.5,38.4,53.4,0
2026-01-10 18:45:00,140.96,0.0187,859.3,58.5,43.4,0
2026-01-10 19:00:00,107.66,0.0166,980.2,38.7,59.5,0
2026-01-10 19:15:00,102.05,0.0369,1012.9,57.6,49.2,0
2026-01-10 19:30:00,112.27,0.0472,979.9,35.3,50.6,0
2026-01-10 19:45:00,102.12,0.0067,973.9,51.6,53.8,0
2026-01-10 20:00:00,123.93,0.0018,945.3,49.2,45.4,0
2026-01-10 20:15:00,152.47,0.0194,992.4,46.6,51.3,0
2026-01-10 20:30:00,119.82,0.0323,984.9,64.2,43.5,0
2026-01-10 20:45:00,103.08,0.0188,884.9,50.3,42.4,0
2026-01-10 21:00:00,122.41,0.0244,1050.8,52.6,41.6,0
2026-01-10 21:15:00,102.38,0.0142,1001.6,51.0,44.6,0
2026-01-10 21:30:00,176.97,0.0122,1123.6,49.1,62.4,0
2026-01-10 21:45:00,157.67,0.0113,1109.2,69.6,41.7,0
2026-01-10 22:00:00,154.95,0.0008,1068.8,51.2,52.3,0
2026-01-10 22:15:00,146.03,0.0012,1133.2,70.2,46.4,0
2026-01-10 22:30:00,129.52,0.0183,1099.0,48.2,40.0,0
2026-01-10 22:45:00,129.92,0.0095,1054.3,54.1,53.5,0
2026-01-10 23:00:00,136.97,0.0252,974.8,48.7,44.5,0
2026-01-10 23:15:00,183.72,0.0797,1062.7,47.7,44.9,0
2026-01-10 23:30:00,137.48,0.0023,1050.5,52.4,55.6,0
2026-01-10 23:45:00,130.79,0.0126,1066.1,67.5,46.2,0
2026-01-11 00:00:00,148.12,0.0298,1064.0,64.5,49.6,0
2026-01-11 00:15:00,159.31,0.0112,1157.2,56.0,47.8,0
2026-01-11 00:30:00,87.32,0.035,1165.0,45.0,47.3,0
2026-01-11 00:45:00,157.08,0.036,1045.8,56.4,38.8,0
2026-01-11 01:00:00,113.29,0.0056,981.2,48.4,54.0,0
2026-01-11 01:15:00,185.56,0.0293,1005.9,45.4,49.6,0
2026-01-11 01:30:00,128.02,0.0191,1160.8,61.0,53.7,0
2026-01-11 01:45:00,144.6,0.0032,1140.9,45.3,48.8,0
2026-01-11 02:00:00,132.99,0.0052,976.1,53.4,55.4,0
2026-01-11 02:15:00,199.91,0.0354,953.2,55.7,49.1,0
2026-01-11 02:30:00,167.28,0.0292,1014.5,58.5,57.6,0
2026-01-11 02:45:00,207.58,0.002,1181.6,46.0,41.7,0
2026-01-11 03:00:00,210.53,0.021,1056.6,67.4,42.5,0
2026-01-11 03:15:00,197.24,0.0338,1010.7,55.3,60.5,0
2026-01-11 03:30:00,149.52,0.0492,1018.5,53.1,53.8,0
2026-01-11 03:45:00,177.73,0.0017,895.6,40.3,61.1,0
2026-01-11 04:00:00,204.9,0.0028,969.6,45.6,52.3,0
2026-01-11 04:15:00,187.31,0.0341,1076.8,51.3,46.1,0
2026-01-11 04:30:00,173.65,0.0067,962.4,51.9,61.1,0
2026-01-11 04:45:00,186.64,0.0342,972.9,55.0,35.3,0
2026-01-11 05:00:00,191.87,0.0123,969.6,49.4,53.6,0
2026-01-11 05:15:00,157.22,0.0145,867.9,62.0,30.2,0
2026-01-11 05:30:00,173.6,0.0422,969.9,49.2,58.5,0
2026-01-11 05:45:00,195.56,0.0242,888.6,52.3,40.8,0
2026-01-11 06:00:00,200.74,0.0763,865.0,59.4,45.9,0
2026-01-11 06:15:00,189.38,0.0036,873.5,46.1,41.2,0
2026-01-11 06:30:00,177.66,0.0481,873.6,39.5,52.1,0
2026-01-11 06:45:00,181.54,0.0135,907.1,47.8,46.7,0
2026-01-11 07:00:00,170.23,0.0189,848.3,57.3,57.7,0
2026-01-11 07:15:00,181.93,0.0292,840.7,50.4,43.4,0
2026-01-11 07:30:00,199.11,0.0237,861.9,55.7,39.7,0
2026-01-11 07:45:00,227.51,0.0366,789.9,38.5,44.7,0
2026-01-11 08:00:00,158.63,0.0081,659.0,33.7,59.5,0
2026-01-11 08:15:00,203.11,0.0372,809.4,54.0,55.3,0
2026-01-11 08:30:00,187.2,0.0119,761.9,51.3,56.1,0
2026-01-11 08:45:00,151.49,0.0107,841.8,42.6,44.1,0
2026-01-11 09:00:00,172.99,0.0166,734.1,38.8,38.8,0
2026-01-11 09:15:00,171.47,0.0133,639.9,45.0,58.0,0
2026-01-11 09:30:00,174.72,0.0013,764.3,48.2,38.4,0
2026-01-11 09:45:00,193.61,0.0148,846.3,40.2,48.0,0
2026-01-11 10:00:00,203.05,0.0449,766.0,48.0,43.3,0
2026-01-11 10:15:00,190.81,0.0031,644.7,34.8,48.5,0
2026-01-11 10:30:00,171.33,0.0247,700.3,42.3,36.0,0
2026-01-11 10:45:00,173.33,0.0266,709.3,37.0,54.0,0
2026-01-11 11:00:00,196.48,0.0396,713.3,46.7,57.6,0
2026-01-11 11:15:00,140.0,0.0083,685.0,42.0,55.3,0
2026-01-11 11:30:00,181.42,0.0053,603.2,56.4,40.2,0
2026-01-11 11:45:00,138.41,0.0063,716.5,50.1,51.0,0
2026-01-11 12:00:00,122.54,0.0195,820.3,39.0,46.8,0
2026-01-11 12:15:00,161.36,0.0589,674.3,54.2,48.0,0
2026-01-11 12:30:00,120.16,0.0094,632.9,44.6,59.6,0
2026-01-11 12:45:00,142.93,0.0327,819.7,55.6,45.0,0
2026-01-11 13:00:00,165.68,0.0262,860.6,39.9,52.8,0
2026-01-11 13:15:00,124.49,0.0503,697.6,52.1,35.8,0
2026-01-11 13:30:00,173.28,0.0795,742.8,64.5,48.5,0
2026-01-11 13:45:00,100.31,0.0246,741.6,52.8,54.5,0
2026-01-11 14:00:00,151.3,0.0187,806.3,44.6,46.9,0
2026-01-11 14:15:00,107.59,0.0121,665.9,56.0,52.3,0
2026-01-11 14:30:00,129.0,0.0236,742.0,42.7,42.3,0
2026-01-11 14:45:00,136.38,0.0377,667.8,50.7,44.7,0
2026-01-11 15:00:00,120.17,0.0048,796.9,67.1,47.1,0
2026-01-11 15:15:00,120.62,0.0154,878.6,46.0,44.2,0
2026-01-11 15:30:00,99.14,0.0226,796.1,53.2,54.3,0
2026-01-11 15:45:00,150.72,0.0305,713.2,63.7,55.7,0
2026-01-11 16:00:00,97.55,0.0172,879.7,58.5,52.5,0
2026-01-11 16:15:00,97.54,0.0377,767.2,54.3,30.3,0
2026-01-11 16:30:00,117.94,0.0294,843.1,34.3,45.8,0
2026-01-11 16:45:00,107.15,0.0797,755.6,40.7,53.9,0
2026-01-11 17:00:00,131.29,0.0505,760.4,55.4,46.9,0
2026-01-11 17:15:00,106.59,0.0135,800.2,46.7,46.4,0
2026-01-11 17:30:00,116.17,0.0102,664.2,42.8,54.5,0
2026-01-11 17:45:00,118.25,0.0091,777.5,58.2,54.9,0
2026-01-11 18:00:00,132.53,0.0066,1049.9,59.0,52.2,0
2026-01-11 18:15:00,105.5,0.0086,702.7,40.9,37.6,0
2026-01-11 18:30:00,84.91,0.0103,790.1,55.1,40.2,0
2026-01-11 18:45:00,100.43,0.0163,1021.9,45.5,50.8,0
2026-01-11 19:00:00,136.66,0.0308,879.4,37.9,33.4,0
2026-01-11 19:15:00,122.46,0.028,918.4,53.8,59.5,0
2026-01-11 19:30:00,109.53,0.0348,945.5,41.9,49.0,0
2026-01-11 19:45:00,117.29,0.0388,831.2,39.7,43.1,0
2026-01-11 20:00:00,540.8,0.2793,1063.1,80.4,44.3,1
2026-01-11 20:15:00,133.87,0.0096,981.6,53.7,56.4,0
2026-01-11 20:30:00,125.76,0.0159,945.6,58.0,39.2,0
2026-01-11 20:45:00,114.67,0.0433,1056.1,51.4,34.5,0
2026-01-11 21:00:00,141.77,0.0284,934.1,41.9,41.0,0
2026-01-11 21:15:00,146.43,0.0199,1030.0,44.2,50.1,0
2026-01-11 21:30:00,108.7,0.066,956.2,39.5,59.2,0
2026-01-11 21:45:00,109.03,0.0496,939.4,57.3,56.5,0
2026-01-11 22:00:00,175.72,0.0385,1196.1,49.0,44.9,0
2026-01-11 22:15:00,143.77,0.0501,1064.7,55.6,50.0,0
2026-01-11 22:30:00,162.55,0.0175,1122.2,40.4,50.4,0
2026-01-11 22:45:00,148.56,0.0222,1019.5,63.2,49.6,0
2026-01-11 23:00:00,149.21,0.0439,1001.8,52.6,34.2,0
2026-01-11 23:15:00,102.48,0.0068,855.7,37.5,45.8,0
2026-01-11 23:30:00,118.96,0.0213,1051.7,48.7,53.5,0
2026-01-11 23:45:00,152.65,0.009,957.8,53.3,61.1,0
2026-01-12 00:00:00,133.71,0.0339,1086.6,47.1,50.8,0
2026-01-12 00:15:00,147.33,0.0047,989.5,55.3,55.7,0
2026-01-12 00:30:00,166.39,0.0128,1112.8,64.9,54.2,0
2026-01-12 00:45:00,152.44,0.0146,1224.1,64.0,45.3,0
2026-01-12 01:00:00,166.24,0.0386,1271.7,57.3,38.7,0
2026-01-12 01:15:00,184.04,0.003,1096.3,65.8,55.9,0
2026-01-12 01:30:00,185.82,0.0042,1073.1,55.5,61.0,0
2026-01-12 01:45:00,158.04,0.0007,1024.8,52.0,45.0,0
2026-01-12 02:00:00,190.43,0.0156,1001.2,51.8,56.3,0
2026-01-12 02:15:00,150.21,0.0095,991.6,53.2,49.1,0
2026-01-12 02:30:00,171.58,0.0316,1159.7,59.0,38.3,0
2026-01-12 02:45:00,177.69,0.0065,1028.4,46.0,48.3,0
2026-01-12 03:00:00,172.85,0.0076,1178.5,64.9,44.0,0
2026-01-12 03:15:00,170.75,0.0088,962.3,62.3,51.1,0
2026-01-12 03:30:00,154.6,0.0019,1017.4,72.7,50.8,0
2026-01-12 03:45:00,174.11,0.0216,938.5,37.8,43.5,0
2026-01-12 04:00:00,151.36,0.0204,1027.3,53.4,38.8,0
2026-01-12 04:15:00,177.91,0.0202,975.8,45.8,44.8,0
2026-01-12 04:30:00,181.4,0.0405,987.7,57.6,58.8,0
2026-01-12 04:45:00,193.73,0.0005,968.3,61.8,39.8,0
2026-01-12 05:00:00,162.63,0.0288,985.6,52.7,53.1,0
2026-01-12 05:15:00,189.93,0.0396,993.5,50.1,52.2,0
2026-01-12 05:30:00,194.06,0.0284,1004.8,48.9,44.1,0
2026-01-12 05:45:00,183.41,0.0048,880.7,49.0,42.1,0
2026-01-12 06:00:00,193.05,0.0043,922.5,54.3,52.2,0
2026-01-12 06:15:00,189.86,0.0936,865.2,53.2,47.8,0
2026-01-12 06:30:00,138.19,0.0522,993.0,64.5,44.5,0
2026-01-12 06:45:00,168.4,0.0278,917.3,49.9,51.3,0
2026-01-12 07:00:00,222.38,0.0039,874.4,57.8,59.4,0
2026-01-12 07:15:00,195.62,0.1001,834.0,42.7,56.7,0
2026-01-12 07:30:00,172.98,0.0216,796.5,39.0,48.9,0
2026-01-12 07:45:00,190.41,0.0132,858.6,58.3,24.3,0
2026-01-12 08:00:00,193.11,0.0324,895.7,54.3,46.3,0
2026-01-12 08:15:00,208.05,0.0395,756.1,44.3,41.0,0
2026-01-12 08:30:00,173.3,0.0373,902.4,43.8,46.6,0
2026-01-12 08:45:00,169.58,0.047,849.9,46.4,45.6,0
2026-01-12 09:00:00,165.79,0.0101,630.6,48.0,45.8,0
2026-01-12 09:15:00,164.46,0.0225,708.6,48.9,55.5,0
2026-01-12 09:30:00,163.86,0.0245,932.9,40.2,46.4,0
2026-01-12 09:45:00,178.12,0.0083,764.2,38.5,46.1,0
2026-01-12 10:00:00,438.38,0.1479,680.8,78.3,51.3,1
2026-01-12 10:15:00,166.38,0.0175,683.1,51.9,40.6,0
2026-01-12 10:30:00,201.2,0.0567,734.6,41.9,45.6,0
2026-01-12 10:45:00,150.26,0.0046,808.4,38.1,38.4,0
2026-01-12 11:00:00,165.12,0.0091,702.5,47.9,52.4,0
2026-01-12 11:15:00,138.62,0.0355,671.8,29.4,49.6,0
2026-01-12 11:30:00,175.74,0.0028,567.5,42.1,62.5,0
2026-01-12 11:45:00,179.2,0.0319,662.4,51.7,36.6,0
2026-01-12 12:00:00,134.38,0.0162,671.1,45.1,54.8,0
2026-01-12 12:15:00,137.47,0.0105,742.5,35.8,35.7,0
2026-01-12 12:30:00,162.0,0.0115,748.4,60.5,41.0,0
2026-01-12 12:45:00,145.06,0.0289,820.7,49.8,33.0,0
2026-01-12 13:00:00,394.8,0.261,642.8,78.3,48.5,1
2026-01-12 13:15:00,119.31,0.0134,735.5,55.3,49.9,0
2026-01-12 13:30:00,160.33,0.0142,737.4,46.8,45.7,0
2026-01-12 13:45:00,181.22,0.0005,656.1,44.6,32.7,0
2026-01-12 14:00:00,139.56,0.0176,808.0,59.4,44.3,0
2026-01-12 14:15:00,121.04,0.0385,863.4,44.0,48.9,0
2026-01-12 14:30:00,118.51,0.0112,745.8,55.7,41.6,0
2026-01-12 14:45:00,129.58,0.0034,710.7,38.7,47.8,0
2026-01-12 15:00:00,137.42,0.0073,877.3,45.0,55.6,0
2026-01-12 15:15:00,98.37,0.0229,803.3,51.8,44.0,0
2026-01-12 15:30:00,119.68,0.0256,687.7,58.8,40.4,0
2026-01-12 15:45:00,127.62,0.0277,759.1,49.8,47.4,0
2026-01-12 16:00:00,147.66,0.0196,784.7,37.9,60.7,0
2026-01-12 16:15:00,153.2,0.0708,750.8,54.2,51.5,0
2026-01-12 16:30:00,117.32,0.0496,754.1,42.2,37.4,0
2026-01-12 16:45:00,99.74,0.0149,763.1,53.8,57.5,0
2026-01-12 17:00:00,118.72,0.0118,910.2,53.7,45.1,0
2026-01-12 17:15:00,119.36,0.0108,832.8,38.0,46.4,0
2026-01-12 17:30:00,137.54,0.0598,859.4,53.4,39.0,0
2026-01-12 17:45:00,108.21,0.0201,921.1,41.7,49.0,0
2026-01-12 18:00:00,97.2,0.0224,879.1,61.6,34.3,0
2026-01-12 18:15:00,114.79,0.0184,815.8,37.1,40.1,0
2026-01-12 18:30:00,108.88,0.0312,966.1,51.1,52.3,0
2026-01-12 18:45:00,108.4,0.0388,873.4,43.2,48.9,0
2026-01-12 19:00:00,100.56,0.0322,1071.3,65.6,42.7,0
2026-01-12 19:15:00,93.59,0.0145,1017.2,40.9,46.6,0
2026-01-12 19:30:00,127.18,0.0141,983.6,71.3,52.9,0
2026-01-12 19:45:00,120.94,0.0466,962.4,49.4,50.7,0
2026-01-12 20:00:00,105.23,0.0088,1068.6,49.7,52.6,0
2026-01-12 20:15:00,134.45,0.0239,1007.4,59.3,39.7,0
2026-01-12 20:30:00,86.52,0.012,838.0,49.8,43.0,0
2026-01-12 20:45:00,112.35,0.0097,982.9,45.9,61.5,0
2026-01-12 21:00:00,129.13,0.0407,1067.3,48.1,45.2,0
2026-01-12 21:15:00,145.19,0.0181,957.0,48.2,44.8,0
2026-01-12 21:30:00,115.25,0.0043,1208.7,51.2,48.9,0
2026-01-12 21:45:00,145.48,0.0242,1017.0,59.8,49.5,0
2026-01-12 22:00:00,120.77,0.0025,1095.2,55.4,41.0,0
2026-01-12 22:15:00,147.29,0.0128,1137.9,59.2,30.6,0
2026-01-12 22:30:00,162.78,0.1127,1098.2,51.4,45.7,0
2026-01-12 22:45:00,114.5,0.0177,1048.4,59.0,47.9,0
2026-01-12 23:00:00,143.67,0.0259,1101.9,49.3,35.6,0
2026-01-12 23:15:00,150.67,0.0179,1060.3,46.7,49.9,0
2026-01-12 23:30:00,118.54,0.0261,1067.3,50.1,50.3,0
2026-01-12 23:45:00,148.73,0.0175,993.6,64.3,54.8,0
2026-01-13 00:00:00,139.8,0.037,1061.8,49.5,40.3,0
2026-01-13 00:15:00,134.83,0.0171,995.8,48.7,50.6,0
2026-01-13 00:30:00,142.38,0.0016,1079.7,56.2,51.9,0
2026-01-13 00:45:00,141.07,0.0091,1051.5,52.9,58.3,0
2026-01-13 01:00:00,173.47,0.0254,1109.0,46.3,54.0,0
2026-01-13 01:15:00,159.04,0.0265,969.2,43.0,55.4,0
2026-01-13 01:30:00,200.65,0.0161,1008.9,59.2,49.1,0
2026-01-13 01:45:00,149.41,0.0463,1009.4,43.7,44.8,0
2026-01-13 02:00:00,176.03,0.015,1054.9,61.1,56.9,0
2026-01-13 02:15:00,164.79,0.0159,1038.7,50.0,39.1,0
2026-01-13 02:30:00,144.53,0.0229,1132.6,36.8,58.7,0
2026-01-13 02:45:00,196.13,0.0191,1058.8,59.2,53.5,0
2026-01-13 03:00:00,176.9,0.0461,1027.3,59.9,45.6,0
2026-01-13 03:15:00,160.69,0.0122,953.4,56.8,36.9,0
2026-01-13 03:30:00,181.95,0.055,1007.1,49.4,47.5,0
2026-01-13 03:45:00,193.35,0.0892,933.9,49.0,43.6,0
2026-01-13 04:00:00,165.03,0.03,1024.6,49.8,36.9,0
2026-01-13 04:15:00,181.22,0.0365,1048.2,48.1,44.0,0
2026-01-13 04:30:00,199.04,0.1146,884.5,53.2,54.3,0
2026-01-13 04:45:00,183.28,0.0012,993.1,51.2,47.9,0
2026-01-13 05:00:00,193.78,0.0099,939.3,48.2,46.3,0
2026-01-13 05:15:00,179.05,0.0431,1030.9,47.9,37.0,0
2026-01-13 05:30:00,155.5,0.0378,876.6,52.0,46.7,0
2026-01-13 05:45:00,179.28,0.0057,893.4,61.2,59.0,0
2026-01-13 06:00:00,174.91,0.0514,918.5,52.5,48.3,0
2026-01-13 06:15:00,183.04,0.0157,865.9,39.7,45.5,0
2026-01-13 06:30:00,175.11,0.0371,869.5,50.5,53.2,0
2026-01-13 06:45:00,188.07,0.0073,868.2,54.5,56.9,0
2026-01-13 07:00:00,177.57,0.0112,890.0,56.7,57.7,0
2026-01-13 07:15:00,198.37,0.003,932.9,55.9,50.4,0
2026-01-13 07:30:00,194.89,0.0049,847.6,51.3,36.5,0
2026-01-13 07:45:00,167.17,0.019,834.5,71.7,54.9,0
2026-01-13 08:00:00,202.93,0.0062,856.5,40.9,45.3,0
2026-01-13 08:15:00,167.29,0.0167,824.5,61.8,44.3,0
2026-01-13 08:30:00,160.07,0.0046,821.1,54.2,41.2,0
2026-01-13 08:45:00,199.31,0.0481,889.4,69.4,51.8,0
2026-01-13 09:00:00,164.09,0.0025,698.1,36.0,54.7,0
2026-01-13 09:15:00,176.51,0.0545,754.3,60.9,43.3,0
2026-01-13 09:30:00,151.57,0.0051,704.1,60.8,52.5,0
2026-01-13 09:45:00,168.16,0.0252,735.2,47.0,55.7,0
2026-01-13 10:00:00,165.42,0.0326,654.9,40.0,50.6,0
2026-01-13 10:15:00,160.43,0.0183,717.6,64.9,48.0,0
2026-01-13 10:30:00,158.25,0.0287,770.0,42.3,46.9,0
2026-01-13 10:45:00,168.24,0.0362,559.9,53.5,43.4,0
2026-01-13 11:00:00,176.88,0.017,703.3,59.6,53.3,0
2026-01-13 11:15:00,142.11,0.0097,719.8,46.7,56.0,0
2026-01-13 11:30:00,113.56,0.0119,706.8,46.4,48.9,0
2026-01-13 11:45:00,181.37,0.0407,608.8,60.1,44.9,0
2026-01-13 12:00:00,138.15,0.017,786.9,46.7,51.4,0
2026-01-13 12:15:00,139.68,0.0311,786.0,44.7,41.7,0
2026-01-13 12:30:00,140.18,0.0494,800.0,27.8,56.8,0
2026-01-13 12:45:00,126.09,0.0191,680.9,56.2,56.0,0
2026-01-13 13:00:00,133.83,0.0263,738.2,45.3,51.5,0
2026-01-13 13:15:00,135.9,0.0472,675.1,53.4,45.0,0
2026-01-13 13:30:00,148.78,0.0256,651.1,45.5,46.7,0
2026-01-13 13:45:00,131.08,0.0174,647.4,57.3,35.8,0
2026-01-13 14:00:00,88.56,0.042,758.2,59.6,42.6,0
2026-01-13 14:15:00,108.43,0.0581,802.6,41.5,53.1,0
2026-01-13 14:30:00,152.58,0.0259,834.2,46.3,42.6,0
2026-01-13 14:45:00,117.38,0.0208,740.6,53.0,64.7,0
2026-01-13 15:00:00,135.08,0.0228,725.0,59.3,44.5,0
2026-01-13 15:15:00,112.41,0.0289,766.0,49.7,41.5,0
2026-01-13 15:30:00,139.88,0.0164,840.7,51.8,50.4,0
2026-01-13 15:45:00,127.03,0.0361,886.3,53.7,50.7,0
2026-01-13 16:00:00,93.57,0.0288,892.4,44.1,57.6,0
2026-01-13 16:15:00,98.61,0.0102,885.5,47.3,46.2,0
2026-01-13 16:30:00,92.87,0.0218,905.3,49.8,41.8,0
2026-01-13 16:45:00,136.11,0.0395,815.2,57.7,43.9,0
2026-01-13 17:00:00,93.53,0.0108,873.1,65.1,56.4,0
2026-01-13 17:15:00,109.55,0.0071,927.6,44.4,59.5,0
2026-01-13 17:30:00,114.75,0.0344,889.5,56.8,43.8,0
2026-01-13 17:45:00,120.19,0.0316,914.1,53.2,47.0,0
2026-01-13 18:00:00,106.7,0.0198,857.5,46.4,57.7,0
2026-01-13 18:15:00,86.64,0.0154,997.9,45.3,53.1,0
2026-01-13 18:30:00,93.28,0.0045,865.1,52.4,43.9,0
2026-01-13 18:45:00,96.06,0.0112,977.9,47.9,39.7,0
2026-01-13 19:00:00,68.52,0.0265,940.3,54.9,43.3,0
2026-01-13 19:15:00,123.96,0.0141,909.2,43.3,53.8,0
2026-01-13 19:30:00,125.29,0.0046,807.0,40.7,37.4,0
2026-01-13 19:45:00,96.9,0.0342,931.3,60.4,49.2,0
2026-01-13 20:00:00,143.17,0.0058,902.7,52.8,45.3,0
2026-01-13 20:15:00,117.77,0.057,925.4,53.0,42.7,0
2026-01-13 20:30:00,134.94,0.0367,1025.6,49.4,44.4,0
2026-01-13 20:45:00,133.66,0.0299,883.7,57.0,53.9,0
2026-01-13 21:00:00,122.84,0.0136,1113.4,53.6,51.5,0
2026-01-13 21:15:00,88.72,0.0762,1203.7,62.9,55.1,0
2026-01-13 21:30:00,128.83,0.1022,993.5,49.3,42.1,0
2026-01-13 21:45:00,134.73,0.0264,1111.6,46.5,36.1,0
2026-01-13 22:00:00,120.75,0.0129,958.1,46.4,49.1,0
2026-01-13 22:15:00,135.39,0.0374,1083.9,57.9,47.7,0
2026-01-13 22:30:00,131.98,0.0157,1080.7,46.5,44.4,0
2026-01-13 22:45:00,115.34,0.0022,1271.1,72.4,34.0,0
2026-01-13 23:00:00,139.14,0.0316,1047.8,43.0,53.8,0
2026-01-13 23:15:00,319.72,0.1295,1106.2,74.5,27.2,1
2026-01-13 23:30:00,147.69,0.0564,1061.0,63.6,52.8,0
2026-01-13 23:45:00,130.32,0.0224,1047.9,56.1,52.5,0
2026-01-14 00:00:00,137.19,0.01,1070.3,51.4,52.0,0
2026-01-14 00:15:00,120.52,0.0262,1066.8,63.4,47.3,0
2026-01-14 00:30:00,189.72,0.0012,1035.7,46.2,31.9,0
2026-01-14 00:45:00,141.85,0.0321,1098.8,52.5,36.6,0
2026-01-14 01:00:00,138.71,0.0044,1011.2,40.3,42.0,0
2026-01-14 01:15:00,169.92,0.0562,1045.9,60.9,60.7,0
2026-01-14 01:30:00,162.42,0.0066,1208.4,61.2,54.5,0
2026-01-14 01:45:00,168.93,0.1072,1065.8,58.7,46.5,0
2026-01-14 02:00:00,179.27,0.0287,1117.9,56.2,43.5,0
2026-01-14 02:15:00,187.25,0.0242,1050.6,54.6,48.7,0
2026-01-14 02:30:00,148.33,0.0085,1109.7,55.8,53.7,0
2026-01-14 02:45:00,170.14,0.0165,1043.7,56.2,49.9,0
2026-01-14 03:00:00,146.33,0.0658,846.3,51.3,38.1,0
2026-01-14 03:15:00,169.23,0.0078,1025.1,46.0,57.8,0
2026-01-14 03:30:00,186.82,0.0309,957.2,34.2,51.2,0
2026-01-14 03:45:00,158.63,0.0287,1006.3,69.8,44.3,0
2026-01-14 04:00:00,220.47,0.0288,1038.2,48.5,50.3,0
2026-01-14 04:15:00,180.64,0.0114,1117.1,53.7,56.3,0
2026-01-14 04:30:00,147.73,0.0107,891.4,60.0,50.5,0
2026-01-14 04:45:00,417.54,0.3239,973.3,98.3,50.9,1
2026-01-14 05:00:00,223.77,0.0099,947.8,40.6,58.5,0
2026-01-14 05:15:00,143.55,0.016,950.0,42.8,43.4,0
2026-01-14 05:30:00,196.67,0.0849,950.5,59.2,41.1,0
2026-01-14 05:45:00,166.0,0.0317,986.0,57.5,44.7,0
2026-01-14 06:00:00,184.03,0.042,869.4,46.5,53.9,0
2026-01-14 06:15:00,161.43,0.0139,886.1,50.6,54.7,0
2026-01-14 06:30:00,200.36,0.0103,927.6,52.0,49.1,0
2026-01-14 06:45:00,179.27,0.0271,851.1,52.3,42.1,0
2026-01-14 07:00:00,204.69,0.0145,812.0,53.0,60.5,0
2026-01-14 07:15:00,165.27,0.0501,848.8,47.2,39.9,0
2026-01-14 07:30:00,180.09,0.0088,812.0,55.2,44.8,0
2026-01-14 07:45:00,142.16,0.0539,785.0,53.9,43.1,0
2026-01-14 08:00:00,227.07,0.0087,733.4,55.2,55.4,0
2026-01-14 08:15:00,214.86,0.019,806.9,55.7,46.8,0
2026-01-14 08:30:00,219.54,0.0098,905.9,57.3,59.5,0
2026-01-14 08:45:00,207.91,0.0655,837.5,46.4,53.6,0
2026-01-14 09:00:00,164.11,0.0027,706.1,46.7,41.5,0
2026-01-14 09:15:00,173.95,0.0121,881.1,44.0,45.8,0
2026-01-14 09:30:00,179.99,0.0252,737.6,49.9,44.3,0
2026-01-14 09:45:00,181.49,0.046,883.8,44.5,57.7,0
2026-01-14 10:00:00,147.78,0.0329,738.9,52.1,53.9,0
2026-01-14 10:15:00,146.88,0.0141,762.7,58.3,36.9,0
2026-01-14 10:30:00,143.43,0.0348,718.5,47.9,51.7,0
2026-01-14 10:45:00,159.82,0.0092,723.2,43.7,47.6,0
2026-01-14 11:00:00,153.3,0.0934,822.9,53.8,39.1,0
2026-01-14 11:15:00,150.91,0.0115,713.6,56.1,42.2,0
2026-01-14 11:30:00,163.58,0.0309,792.1,43.3,46.5,0
2026-01-14 11:45:00,134.17,0.002,729.4,49.1,32.5,0
2026-01-14 12:00:00,134.62,0.0426,711.9,50.3,49.5,0
2026-01-14 12:15:00,136.31,0.002,763.7,46.5,48.6,0
2026-01-14 12:30:00,164.74,0.0038,711.7,51.9,46.2,0
2026-01-14 12:45:00,153.55,0.0067,664.9,33.9,48.3,0
2026-01-14 13:00:00,147.03,0.0026,673.0,49.9,46.4,0
2026-01-14 13:15:00,124.13,0.0205,766.7,63.1,40.1,0
2026-01-14 13:30:00,141.67,0.012,571.5,49.8,43.5,0
2026-01-14 13:45:00,127.0,0.0112,752.5,48.9,42.6,0
2026-01-14 14:00:00,119.18,0.0244,643.5,36.9,52.4,0
2026-01-14 14:15:00,139.15,0.025,756.4,45.9,40.5,0
2026-01-14 14:30:00,120.86,0.0249,837.8,52.6,44.1,0
2026-01-14 14:45:00,130.6,0.0277,682.2,48.0,48.2,0
2026-01-14 15:00:00,120.39,0.0317,809.4,39.7,37.3,0
2026-01-14 15:15:00,104.12,0.0063,851.4,52.3,44.8,0
2026-01-14 15:30:00,114.86,0.0023,732.4,41.3,48.2,0
2026-01-14 15:45:00,115.14,0.0066,727.4,43.5,49.1,0
2026-01-14 16:00:00,112.82,0.015,836.3,57.2,50.4,0
2026-01-14 16:15:00,87.24,0.0151,897.5,49.2,42.6,0
2026-01-14 16:30:00,106.56,0.0249,969.8,47.3,40.3,0
2026-01-14 16:45:00,136.1,0.0073,758.2,40.8,44.6,0
2026-01-14 17:00:00,124.07,0.0076,898.7,45.5,49.3,0
2026-01-14 17:15:00,109.0,0.012,819.8,45.4,45.9,0
2026-01-14 17:30:00,94.96,0.0939,774.4,55.8,40.1,0
2026-01-14 17:45:00,118.0,0.0016,837.0,49.8,63.4,0
2026-01-14 18:00:00,132.42,0.0166,883.8,60.5,42.4,0
2026-01-14 18:15:00,142.31,0.009,906.0,42.0,38.6,0
2026-01-14 18:30:00,105.57,0.0194,929.3,62.1,43.1,0
2026-01-14 18:45:00,95.92,0.0161,916.3,50.3,54.0,0
2026-01-14 19:00:00,124.86,0.0457,1031.6,51.8,52.0,0
2026-01-14 19:15:00,122.66,0.0432,1078.1,52.5,60.5,0
2026-01-14 19:30:00,116.38,0.0374,947.7,70.1,40.9,0
2026-01-14 19:45:00,576.8,0.3609,912.1,78.9,45.9,1
2026-01-14 20:00:00,96.13,0.0101,976.0,69.1,55.1,0
2026-01-14 20:15:00,131.83,0.0173,973.9,59.4,40.7,0
2026-01-14 20:30:00,135.83,0.0236,948.6,43.2,56.1,0
2026-01-14 20:45:00,113.21,0.0613,885.1,43.2,48.2,0
2026-01-14 21:00:00,156.04,0.0276,932.9,53.3,42.4,0
2026-01-14 21:15:00,129.5,0.0121,1075.1,55.2,36.0,0
2026-01-14 21:30:00,122.1,0.0073,1079.8,51.2,51.7,0
2026-01-14 21:45:00,103.96,0.0273,1050.1,49.6,58.3,0
2026-01-14 22:00:00,101.89,0.0185,1038.9,66.1,50.4,0
2026-01-14 22:15:00,123.28,0.0059,1020.5,54.6,50.8,0
2026-01-14 22:30:00,139.14,0.0297,959.8,56.0,49.8,0
2026-01-14 22:45:00,174.5,0.0074,1010.3,54.1,54.5,0
2026-01-14 23:00:00,142.16,0.0478,1022.6,53.8,56.6,0
2026-01-14 23:15:00,151.6,0.0114,974.9,69.8,27.8,0
2026-01-14 23:30:00,126.05,0.0243,1089.1,59.2,45.8,0
2026-01-14 23:45:00,144.7,0.0387,1022.1,74.4,43.7,0
2026-01-15 00:00:00,151.4,0.007,1082.8,60.7,49.3,0
2026-01-15 00:15:00,132.98,0.0481,976.5,47.4,45.2,0
2026-01-15 00:30:00,174.09,0.0218,1121.1,65.1,51.1,0
2026-01-15 00:45:00,147.59,0.0399,1110.0,54.4,50.3,0
2026-01-15 01:00:00,178.96,0.0063,1037.9,65.9,34.6,0
2026-01-15 01:15:00,159.23,0.0274,1170.0,50.7,32.8,0
2026-01-15 01:30:00,153.09,0.0118,1068.2,41.5,53.3,0
2026-01-15 01:45:00,145.0,0.017,1083.4,55.3,42.2,0
2026-01-15 02:00:00,649.28,0.3512,946.5,80.9,60.0,1
2026-01-15 02:15:00,193.86,0.0274,1001.1,48.0,54.0,0
2026-01-15 02:30:00,151.32,0.0181,1010.3,57.8,35.5,0
2026-01-15 02:45:00,179.49,0.0246,1110.6,49.6,42.4,0
2026-01-15 03:00:00,169.15,0.0096,1094.7,62.3,49.7,0
2026-01-15 03:15:00,185.36,0.0132,987.4,49.9,44.9,0
2026-01-15 03:30:00,178.47,0.0107,1039.2,55.9,46.8,0
2026-01-15 03:45:00,150.75,0.0139,1087.3,51.9,40.2,0
2026-01-15 04:00:00,183.29,0.0458,966.2,46.4,50.4,0
2026-01-15 04:15:00,219.29,0.02,887.6,35.6,48.1,0
2026-01-15 04:30:00,185.85,0.0155,1039.8,43.3,53.3,0
2026-01-15 04:45:00,197.0,0.0059,1019.7,51.1,47.7,0
2026-01-15 05:00:00,189.16,0.0481,967.0,56.0,43.6,0
2026-01-15 05:15:00,198.0,0.0405,1013.8,68.1,49.0,0
2026-01-15 05:30:00,170.88,0.0182,1019.5,49.2,50.5,0
2026-01-15 05:45:00,181.62,0.0359,990.1,47.7,48.0,0
2026-01-15 06:00:00,200.84,0.0269,818.0,39.1,56.6,0
2026-01-15 06:15:00,178.7,0.0069,794.1,56.1,40.4,0
2026-01-15 06:30:00,204.3,0.0586,924.5,56.2,54.4,0
2026-01-15 06:45:00,166.94,0.0007,904.6,54.9,39.5,0
2026-01-15 07:00:00,184.87,0.0048,863.2,53.3,52.6,0
2026-01-15 07:15:00,179.15,0.03,971.8,49.5,33.6,0
2026-01-15 07:30:00,231.3,0.041,917.6,62.4,45.9,0
2026-01-15 07:45:00,176.79,0.0332,840.5,43.9,54.7,0
2026-01-15 08:00:00,187.87,0.0357,758.5,44.9,45.1,0
2026-01-15 08:15:00,144.47,0.0093,855.1,42.3,47.3,0
2026-01-15 08:30:00,159.29,0.02,842.4,49.1,49.8,0
2026-01-15 08:45:00,185.81,0.0394,794.9,43.1,31.6,0
2026-01-15 09:00:00,170.0,0.0296,581.2,40.4,50.0,0
2026-01-15 09:15:00,170.35,0.0612,705.6,38.1,41.2,0
2026-01-15 09:30:00,168.9,0.0167,832.0,42.3,54.5,0
2026-01-15 09:45:00,171.42,0.0087,682.3,34.4,47.1,0
2026-01-15 10:00:00,136.69,0.0085,784.7,52.0,49.7,0
2026-01-15 10:15:00,165.94,0.0137,775.2,42.1,39.4,0
2026-01-15 10:30:00,163.55,0.0058,674.7,60.0,53.3,0
2026-01-15 10:45:00,186.7,0.0237,807.1,57.1,47.5,0
2026-01-15 11:00:00,663.1,0.093,720.6,89.3,37.1,1
2026-01-15 11:15:00,108.14,0.013,715.7,52.4,44.1,0
2026-01-15 11:30:00,145.84,0.0492,645.7,53.5,52.3,0
2026-01-15 11:45:00,191.5,0.0063,817.0,45.7,48.6,0
2026-01-15 12:00:00,166.31,0.0295,636.5,44.8,52.6,0
2026-01-15 12:15:00,158.84,0.0073,635.8,55.1,45.1,0
2026-01-15 12:30:00,140.95,0.0191,729.9,57.3,56.1,0
2026-01-15 12:45:00,163.32,0.022,651.4,40.6,57.5,0
2026-01-15 13:00:00,113.67,0.0391,870.9,69.0,35.3,0
2026-01-15 13:15:00,130.75,0.1041,657.0,36.0,51.7,0
2026-01-15 13:30:00,147.15,0.0326,781.7,30.8,58.2,0
2026-01-15 13:45:00,151.88,0.0215,841.1,63.9,51.0,0
2026-01-15 14:00:00,136.4,0.0036,794.2,55.1,47.3,0
2026-01-15 14:15:00,139.58,0.0056,691.2,48.9,38.3,0
2026-01-15 14:30:00,135.46,0.0309,768.2,55.3,45.4,0
2026-01-15 14:45:00,126.83,0.0369,839.0,44.7,44.1,0
2026-01-15 15:00:00,149.38,0.0273,667.8,33.1,53.8,0
2026-01-15 15:15:00,158.58,0.014,849.6,46.7,54.6,0
2026-01-15 15:30:00,124.34,0.0172,807.1,43.9,46.5,0
2026-01-15 15:45:00,104.1,0.0466,905.0,43.4,41.0,0
2026-01-15 16:00:00,115.46,0.0609,840.0,45.3,32.7,0
2026-01-15 16:15:00,121.25,0.0361,820.7,45.1,51.7,0
2026-01-15 16:30:00,79.91,0.0022,857.9,46.7,51.1,0
2026-01-15 16:45:00,143.78,0.0167,723.2,51.1,33.0,0
2026-01-15 17:00:00,104.7,0.0173,796.3,53.8,51.3,0
2026-01-15 17:15:00,101.31,0.0113,858.3,52.8,53.7,0
2026-01-15 17:30:00,110.08,0.0278,816.8,29.4,28.4,0
2026-01-15 17:45:00,107.68,0.0049,810.6,41.5,40.6,0
2026-01-15 18:00:00,116.02,0.0302,1042.7,45.7,65.0,0
2026-01-15 18:15:00,129.21,0.0119,1025.6,63.0,48.2,0
2026-01-15 18:30:00,137.96,0.0183,722.1,41.2,63.7,0
2026-01-15 18:45:00,129.23,0.0352,902.8,36.1,49.4,0
2026-01-15 19:00:00,99.22,0.0215,863.2,56.0,55.5,0
2026-01-15 19:15:00,114.23,0.0042,1027.1,54.2,45.7,0
2026-01-15 19:30:00,118.08,0.0095,962.2,72.4,43.2,0
2026-01-15 19:45:00,121.72,0.064,1049.1,42.8,36.7,0
2026-01-15 20:00:00,128.5,0.0138,929.7,50.0,51.6,0
2026-01-15 20:15:00,121.09,0.0094,923.5,43.3,41.9,0
2026-01-15 20:30:00,118.13,0.0155,974.7,44.3,41.2,0
2026-01-15 20:45:00,136.08,0.063,948.2,45.5,37.0,0
2026-01-15 21:00:00,122.86,0.0073,1020.8,44.6,48.1,0
2026-01-15 21:15:00,142.48,0.0219,1110.4,56.5,53.2,0
2026-01-15 21:30:00,139.89,0.0273,1060.0,54.6,46.3,0
2026-01-15 21:45:00,151.4,0.0271,1006.5,52.9,45.6,0
2026-01-15 22:00:00,136.42,0.0208,1059.7,64.2,58.6,0
2026-01-15 22:15:00,158.49,0.0457,945.1,56.5,36.6,0
2026-01-15 22:30:00,127.04,0.0072,919.2,58.2,60.6,0
2026-01-15 22:45:00,138.72,0.0159,1140.7,56.8,38.5,0
2026-01-15 23:00:00,154.71,0.0799,1020.6,55.8,47.1,0
2026-01-15 23:15:00,122.75,0.0012,1174.2,63.6,50.6,0
2026-01-15 23:30:00,133.87,0.0176,1052.4,44.8,54.8,0
2026-01-15 23:45:00,128.92,0.0294,1083.3,49.3,36.8,0
2026-01-16 00:00:00,148.96,0.0186,1138.1,56.1,49.1,0
2026-01-16 00:15:00,140.41,0.0202,1146.3,56.0,43.7,0
2026-01-16 00:30:00,151.92,0.0067,1044.0,42.4,54.9,0
2026-01-16 00:45:00,148.6,0.0484,1085.0,60.6,43.6,0
2026-01-16 01:00:00,154.03,0.0172,1072.6,65.8,34.4,0
2026-01-16 01:15:00,161.77,0.0014,1100.4,65.7,50.6,0
2026-01-16 01:30:00,146.78,0.0238,1087.4,49.0,47.8,0
2026-01-16 01:45:00,143.54,0.0379,1022.8,60.2,60.4,0
2026-01-16 02:00:00,146.02,0.0055,1066.3,51.0,54.7,0
2026-01-16 02:15:00,135.32,0.004,953.5,52.7,41.8,0
2026-01-16 02:30:00,155.27,0.017,1056.1,62.8,54.8,0
2026-01-16 02:45:00,177.2,0.0142,1064.2,64.9,48.7,0
2026-01-16 03:00:00,171.19,0.0159,958.6,48.7,53.0,0
2026-01-16 03:15:00,174.97,0.0102,1007.5,49.0,42.7,0
2026-01-16 03:30:00,167.46,0.0327,991.3,64.8,45.3,0
2026-01-16 03:45:00,209.53,0.0418,992.7,52.1,52.5,0
2026-01-16 04:00:00,183.29,0.0453,1043.0,29.8,53.1,0
2026-01-16 04:15:00,170.07,0.0093,1022.4,56.9,33.2,0
2026-01-16 04:30:00,161.29,0.0287,1057.3,47.6,52.1,0
2026-01-16 04:45:00,211.15,0.0089,1135.5,53.2,42.1,0
2026-01-16 05:00:00,158.57,0.0195,1023.4,58.2,49.6,0
2026-01-16 05:15:00,169.5,0.0148,839.1,35.3,36.4,0
2026-01-16 05:30:00,169.51,0.0093,900.7,57.3,54.2,0
2026-01-16 05:45:00,183.18,0.0002,1040.5,41.6,52.7,0
2026-01-16 06:00:00,191.39,0.0126,872.4,44.8,42.2,0
2026-01-16 06:15:00,186.23,0.012,867.7,53.2,50.8,0
2026-01-16 06:30:00,178.44,0.0503,923.4,41.8,47.7,0
2026-01-16 06:45:00,159.85,0.0076,880.1,41.0,52.2,0
2026-01-16 07:00:00,217.23,0.0441,973.1,55.2,38.3,0
2026-01-16 07:15:00,188.58,0.0319,842.1,54.4,39.5,0
2026-01-16 07:30:00,194.02,0.0314,1022.2,52.0,42.9,0
2026-01-16 07:45:00,171.64,0.0111,814.2,54.6,47.6,0
2026-01-16 08:00:00,445.3,0.3263,764.0,100.0,59.4,1
2026-01-16 08:15:00,201.42,0.0148,751.5,36.6,49.2,0
2026-01-16 08:30:00,140.62,0.0636,754.9,30.7,54.6,0
2026-01-16 08:45:00,194.05,0.019,860.6,59.5,41.9,0
2026-01-16 09:00:00,170.3,0.004,678.6,37.8,44.0,0
2026-01-16 09:15:00,182.24,0.0285,702.4,50.6,43.3,0
2026-01-16 09:30:00,204.72,0.0062,809.1,54.4,46.6,0
2026-01-16 09:45:00,166.15,0.0504,620.8,45.9,52.7,0
2026-01-16 10:00:00,118.86,0.0255,641.0,48.8,45.7,0
2026-01-16 10:15:00,147.86,0.005,740.5,62.0,45.9,0
2026-01-16 10:30:00,167.73,0.0035,772.7,44.0,52.1,0
2026-01-16 10:45:00,197.18,0.0179,720.6,58.2,44.5,0
2026-01-16 11:00:00,152.07,0.007,756.6,38.1,42.6,0
2026-01-16 11:15:00,186.92,0.0421,665.9,49.8,45.7,0
2026-01-16 11:30:00,117.22,0.0045,832.1,53.9,60.8,0
2026-01-16 11:45:00,149.99,0.016,789.9,48.6,54.2,0
2026-01-16 12:00:00,168.68,0.0098,663.0,54.7,61.3,0
2026-01-16 12:15:00,166.99,0.0417,706.8,48.1,38.9,0
2026-01-16 12:30:00,114.82,0.0335,582.5,48.1,50.7,0
2026-01-16 12:45:00,134.88,0.0521,785.1,43.5,45.4,0
2026-01-16 13:00:00,138.45,0.0479,636.6,38.5,45.8,0
2026-01-16 13:15:00,128.99,0.0129,688.4,39.2,37.2,0
2026-01-16 13:30:00,161.99,0.0089,705.6,42.8,57.1,0
2026-01-16 13:45:00,141.17,0.0356,629.8,36.1,36.6,0
2026-01-16 14:00:00,106.5,0.0137,685.8,62.3,54.2,0
2026-01-16 14:15:00,140.79,0.063,770.2,46.4,45.2,0
2026-01-16 14:30:00,141.75,0.0407,709.3,47.7,41.6,0
2026-01-16 14:45:00,111.81,0.0161,805.1,40.3,41.3,0
2026-01-16 15:00:00,109.21,0.0278,824.6,66.2,48.4,0
2026-01-16 15:15:00,112.44,0.0188,713.3,45.8,45.4,0
2026-01-16 15:30:00,149.85,0.0268,741.0,43.6,48.0,0
2026-01-16 15:45:00,123.66,0.0032,741.0,44.4,34.1,0
2026-01-16 16:00:00,79.92,0.0143,781.7,47.4,33.5,0
2026-01-16 16:15:00,98.03,0.0048,913.2,49.0,35.3,0
2026-01-16 16:30:00,132.57,0.0213,823.4,39.1,53.6,0
2026-01-16 16:45:00,112.34,0.0186,693.9,54.4,58.1,0
2026-01-16 17:00:00,94.1,0.0274,807.6,40.6,46.2,0
2026-01-16 17:15:00,109.38,0.0068,821.1,56.3,53.2,0
2026-01-16 17:30:00,133.86,0.0767,883.1,40.3,50.4,0
2026-01-16 17:45:00,155.36,0.0217,979.6,54.0,56.2,0
2026-01-16 18:00:00,113.96,0.0418,955.1,44.0,56.4,0
2026-01-16 18:15:00,123.81,0.0163,892.9,45.2,39.3,0
2026-01-16 18:30:00,113.2,0.0256,840.4,54.0,49.3,0
2026-01-16 18:45:00,118.94,0.0461,999.5,62.4,54.0,0
2026-01-16 19:00:00,99.54,0.0457,925.8,66.2,54.0,0
2026-01-16 19:15:00,142.2,0.005,847.2,53.2,53.4,0
2026-01-16 19:30:00,107.94,0.0175,971.6,52.4,47.8,0
2026-01-16 19:45:00,96.4,0.0011,860.1,42.8,52.7,0
2026-01-16 20:00:00,105.84,0.0214,1036.2,39.3,38.1,0
2026-01-16 20:15:00,131.66,0.0827,962.4,57.3,38.4,0
2026-01-16 20:30:00,107.11,0.0166,968.6,50.4,58.6,0
2026-01-16 20:45:00,146.99,0.0134,797.8,49.4,55.6,0
2026-01-16 21:00:00,136.76,0.0216,1102.7,51.7,59.1,0
2026-01-16 21:15:00,140.76,0.019,944.7,46.3,46.9,0
2026-01-16 21:30:00,117.71,0.0315,976.7,58.0,41.2,0
2026-01-16 21:45:00,114.07,0.0198,1040.6,67.4,46.7,0
2026-01-16 22:00:00,133.09,0.0208,1045.7,44.2,61.6,0
2026-01-16 22:15:00,111.13,0.0095,1216.6,41.9,42.1,0
2026-01-16 22:30:00,141.0,0.0042,935.1,50.0,46.8,0
2026-01-16 22:45:00,149.01,0.0415,1029.1,47.8,56.5,0
2026-01-16 23:00:00,128.48,0.0355,1128.9,64.8,48.6,0
2026-01-16 23:15:00,153.36,0.057,1042.9,57.8,45.3,0
2026-01-16 23:30:00,145.53,0.0293,1073.6,69.5,53.3,0
2026-01-16 23:45:00,161.03,0.0206,1254.8,66.2,44.7,0
2026-01-17 00:00:00,179.58,0.0082,1084.6,55.4,51.3,0
2026-01-17 00:15:00,164.07,0.0817,1178.0,57.4,31.1,0
2026-01-17 00:30:00,148.99,0.0107,1125.5,58.4,35.7,0
2026-01-17 00:45:00,171.7,0.0285,1131.6,48.1,46.4,0
2026-01-17 01:00:00,159.91,0.0032,1060.0,57.6,57.3,0
2026-01-17 01:15:00,154.28,0.0255,959.8,63.2,46.9,0
2026-01-17 01:30:00,148.08,0.0148,1150.0,50.6,47.6,0
2026-01-17 01:45:00,160.82,0.0094,1112.8,53.1,49.7,0
2026-01-17 02:00:00,185.59,0.0284,1093.4,59.9,45.1,0
2026-01-17 02:15:00,466.5,0.3207,1045.4,82.2,36.7,1
2026-01-17 02:30:00,145.18,0.012,1010.5,47.3,52.8,0
2026-01-17 02:45:00,145.53,0.0216,1148.5,57.6,49.9,0
2026-01-17 03:00:00,193.14,0.0041,1050.1,53.7,50.4,0
2026-01-17 03:15:00,181.92,0.016,899.3,49.0,40.2,0
2026-01-17 03:30:00,201.29,0.0209,1023.5,38.6,58.7,0
2026-01-17 03:45:00,165.41,0.0006,1006.0,47.2,45.0,0
2026-01-17 04:00:00,158.3,0.0034,806.2,39.7,58.0,0
2026-01-17 04:15:00,208.34,0.0349,937.6,50.8,33.2,0
2026-01-17 04:30:00,167.07,0.0034,1171.7,52.5,45.0,0
2026-01-17 04:45:00,192.48,0.0093,824.8,40.3,58.7,0
2026-01-17 05:00:00,159.79,0.0143,865.8,48.5,47.0,0
2026-01-17 05:15:00,187.06,0.0135,776.3,63.9,30.8,0
2026-01-17 05:30:00,180.87,0.0274,835.8,44.7,41.3,0
2026-01-17 05:45:00,158.18,0.0111,817.9,46.6,50.0,0
2026-01-17 06:00:00,219.05,0.0153,817.1,47.9,58.0,0
2026-01-17 06:15:00,169.01,0.0232,1020.1,47.5,46.0,0
2026-01-17 06:30:00,168.17,0.0137,963.4,39.7,55.7,0
2026-01-17 06:45:00,173.22,0.0245,881.9,65.3,50.8,0
2026-01-17 07:00:00,144.58,0.0242,970.6,37.8,45.1,0
2026-01-17 07:15:00,177.92,0.0186,820.1,36.0,53.5,0
2026-01-17 07:30:00,172.03,0.0216,786.5,55.1,54.7,0
2026-01-17 07:45:00,201.67,0.0344,823.1,33.4,46.0,0
2026-01-17 08:00:00,186.0,0.006,699.2,53.8,43.0,0
2026-01-17 08:15:00,157.49,0.0022,678.0,54.1,36.7,0
2026-01-17 08:30:00,168.55,0.0276,856.2,44.0,50.9,0
2026-01-17 08:45:00,219.11,0.0163,833.2,50.3,44.0,0
2026-01-17 09:00:00,158.33,0.0097,682.6,46.9,51.7,0
2026-01-17 09:15:00,189.57,0.041,805.4,43.1,50.0,0
2026-01-17 09:30:00,162.51,0.0432,808.2,44.6,50.5,0
2026-01-17 09:45:00,156.69,0.0129,730.4,46.9,46.9,0
2026-01-17 10:00:00,157.75,0.0238,677.4,43.5,39.1,0
2026-01-17 10:15:00,193.97,0.0187,799.5,54.0,51.3,0
2026-01-17 10:30:00,141.09,0.0137,775.5,47.8,53.9,0
2026-01-17 10:45:00,179.32,0.01,865.9,54.2,64.3,0
2026-01-17 11:00:00,181.01,0.0317,756.7,45.5,43.8,0
2026-01-17 11:15:00,149.12,0.0116,602.0,51.0,40.7,0
2026-01-17 11:30:00,177.01,0.008,618.9,53.2,39.8,0
2026-01-17 11:45:00,174.2,0.0159,710.9,32.0,47.6,0
2026-01-17 12:00:00,135.48,0.0757,776.6,52.0,53.6,0
2026-01-17 12:15:00,132.9,0.0142,742.5,42.8,54.2,0
2026-01-17 12:30:00,147.23,0.0122,676.8,43.7,59.0,0
2026-01-17 12:45:00,151.95,0.0406,602.2,48.3,50.7,0
2026-01-17 13:00:00,134.29,0.0165,829.0,50.9,39.6,0
2026-01-17 13:15:00,362.07,0.1841,825.6,75.3,49.7,1
2026-01-17 13:30:00,127.01,0.04,627.6,51.6,33.3,0
2026-01-17 13:45:00,124.53,0.0175,772.6,50.3,45.6,0
2026-01-17 14:00:00,132.57,0.0196,762.0,42.6,45.0,0
2026-01-17 14:15:00,136.61,0.0018,792.0,58.0,51.2,0
2026-01-17 14:30:00,156.11,0.0059,850.4,58.8,51.1,0
2026-01-17 14:45:00,140.68,0.0056,843.9,50.3,42.8,0
2026-01-17 15:00:00,138.02,0.0097,808.2,45.1,43.0,0
2026-01-17 15:15:00,119.04,0.0062,755.7,42.4,48.5,0
2026-01-17 15:30:00,119.16,0.0242,751.8,61.9,51.3,0
2026-01-17 15:45:00,113.81,0.0249,757.4,47.2,53.1,0
2026-01-17 16:00:00,122.98,0.0172,1001.1,54.2,44.6,0
2026-01-17 16:15:00,122.31,0.0261,813.2,53.0,47.7,0
2026-01-17 16:30:00,121.43,0.0097,864.6,28.5,40.7,0
2026-01-17 16:45:00,116.04,0.0147,839.1,42.8,40.8,0
2026-01-17 17:00:00,115.43,0.0772,784.2,66.7,34.5,0
2026-01-17 17:15:00,146.02,0.0443,886.9,28.6,43.6,0
2026-01-17 17:30:00,121.13,0.0077,807.1,37.6,57.0,0
2026-01-17 17:45:00,126.69,0.0187,787.2,45.6,57.9,0
2026-01-17 18:00:00,123.44,0.0158,941.6,44.0,52.0,0
2026-01-17 18:15:00,111.86,0.0166,811.5,43.6,55.0,0
2026-01-17 18:30:00,124.66,0.0385,961.4,43.1,53.7,0
2026-01-17 18:45:00,115.37,0.0032,939.9,50.5,49.2,0
2026-01-17 19:00:00,93.69,0.0119,1035.1,56.5,30.9,0
2026-01-17 19:15:00,105.74,0.0186,980.2,55.8,63.9,0
2026-01-17 19:30:00,152.08,0.0139,879.7,44.3,46.5,0
2026-01-17 19:45:00,137.2,0.0329,1024.6,61.2,46.5,0
2026-01-17 20:00:00,114.31,0.0138,1071.6,55.4,58.2,0
2026-01-17 20:15:00,131.84,0.0197,1052.5,62.5,49.1,0
2026-01-17 20:30:00,123.63,0.0067,1041.3,56.0,65.6,0
2026-01-17 20:45:00,151.06,0.0127,886.5,48.9,42.2,0
2026-01-17 21:00:00,122.92,0.0041,1087.2,52.7,55.3,0
2026-01-17 21:15:00,129.29,0.0039,939.8,54.7,46.3,0
2026-01-17 21:30:00,110.9,0.0284,983.8,62.8,48.7,0
2026-01-17 21:45:00,122.83,0.0208,969.1,53.4,41.8,0
2026-01-17 22:00:00,83.16,0.0131,946.1,53.7,43.6,0
2026-01-17 22:15:00,137.17,0.0546,1068.3,58.8,57.0,0
2026-01-17 22:30:00,150.56,0.021,1053.7,39.8,51.6,0
2026-01-17 22:45:00,162.96,0.0034,1148.9,44.2,51.0,0
2026-01-17 23:00:00,149.6,0.0666,1158.2,57.6,36.6,0
2026-01-17 23:15:00,134.36,0.0157,1086.2,46.9,36.8,0
2026-01-17 23:30:00,126.16,0.0152,1129.0,53.2,41.5,0
2026-01-17 23:45:00,132.39,0.0129,1066.6,54.1,45.2,0
2026-01-18 00:00:00,121.23,0.0204,1072.3,73.6,47.3,0
2026-01-18 00:15:00,145.47,0.0026,1088.8,53.2,50.2,0
2026-01-18 00:30:00,606.44,0.2855,1069.4,81.9,55.2,1
2026-01-18 00:45:00,139.25,0.0151,1094.8,56.3,58.3,0
2026-01-18 01:00:00,155.38,0.0347,1120.3,63.3,49.4,0
2026-01-18 01:15:00,164.99,0.0156,988.5,57.1,42.1,0
2026-01-18 01:30:00,129.34,0.0064,1045.3,57.5,53.1,0
2026-01-18 01:45:00,152.88,0.0454,1128.2,49.4,49.3,0
2026-01-18 02:00:00,179.85,0.0051,1017.1,49.9,51.3,0
2026-01-18 02:15:00,192.7,0.0252,1018.6,46.5,56.4,0
2026-01-18 02:30:00,166.16,0.0258,1127.0,49.4,45.3,0
2026-01-18 02:45:00,207.05,0.0205,1004.1,51.4,58.2,0
2026-01-18 03:00:00,187.35,0.0102,1057.6,61.4,38.0,0
2026-01-18 03:15:00,175.86,0.0201,1037.8,76.7,53.1,0
2026-01-18 03:30:00,197.13,0.0265,1089.4,55.8,43.4,0
2026-01-18 03:45:00,165.62,0.0076,1022.7,57.7,49.6,0
2026-01-18 04:00:00,161.45,0.0064,934.7,32.5,50.3,0
2026-01-18 04:15:00,197.03,0.02,944.3,48.5,45.5,0
2026-01-18 04:30:00,189.86,0.0297,1105.9,67.2,43.5,0
2026-01-18 04:45:00,199.11,0.0072,952.6,52.9,42.1,0
2026-01-18 05:00:00,202.19,0.0091,904.7,50.4,50.0,0
2026-01-18 05:15:00,219.99,0.0938,914.3,74.7,52.4,0
2026-01-18 05:30:00,157.68,0.0207,927.6,61.2,60.7,0
2026-01-18 05:45:00,177.43,0.0028,918.0,57.7,46.2,0
2026-01-18 06:00:00,179.82,0.0308,939.5,51.4,37.3,0
2026-01-18 06:15:00,206.0,0.0947,907.1,53.5,51.3,0
2026-01-18 06:30:00,191.71,0.0358,858.7,67.6,35.8,0
2026-01-18 06:45:00,206.07,0.013,950.6,70.0,59.2,0
2026-01-18 07:00:00,188.9,0.0159,873.1,46.4,53.3,0
2026-01-18 07:15:00,183.47,0.0263,946.3,39.0,40.9,0
2026-01-18 07:30:00,196.06,0.0516,875.6,51.2,36.9,0
2026-01-18 07:45:00,188.51,0.0523,844.4,56.3,42.0,0
2026-01-18 08:00:00,187.33,0.009,795.8,63.8,51.7,0
2026-01-18 08:15:00,192.04,0.0073,820.2,48.9,42.6,0
2026-01-18 08:30:00,188.12,0.0279,835.7,47.3,53.2,0
2026-01-18 08:45:00,198.0,0.0279,809.9,58.5,54.6,0
2026-01-18 09:00:00,175.68,0.0224,741.9,41.0,44.0,0
2026-01-18 09:15:00,177.8,0.0095,816.6,47.8,54.2,0
2026-01-18 09:30:00,156.73,0.07,803.0,49.5,56.5,0
2026-01-18 09:45:00,192.44,0.0589,774.0,48.4,52.0,0
2026-01-18 10:00:00,198.3,0.0168,790.9,59.5,51.8,0
2026-01-18 10:15:00,135.06,0.0054,738.8,52.6,44.1,0
2026-01-18 10:30:00,179.04,0.0745,745.0,44.1,62.2,0
2026-01-18 10:45:00,164.87,0.0175,788.3,47.3,41.1,0
2026-01-18 11:00:00,155.74,0.0247,782.2,71.5,44.9,0
2026-01-18 11:15:00,170.36,0.0267,771.9,37.3,54.6,0
2026-01-18 11:30:00,158.52,0.0134,672.6,32.1,45.4,0
2026-01-18 11:45:00,166.12,0.0286,752.4,38.6,45.9,0
2026-01-18 12:00:00,143.53,0.0376,723.0,50.4,38.5,0
2026-01-18 12:15:00,177.09,0.0239,747.4,57.5,44.7,0
2026-01-18 12:30:00,145.81,0.0195,847.6,49.3,64.9,0
2026-01-18 12:45:00,136.3,0.025,705.3,43.2,45.5,0
2026-01-18 13:00:00,147.19,0.0277,727.7,42.2,57.0,0
2026-01-18 13:15:00,125.91,0.0252,686.7,33.5,44.5,0
2026-01-18 13:30:00,145.17,0.0135,712.7,60.6,40.5,0
2026-01-18 13:45:00,170.59,0.0195,678.7,45.6,42.5,0
2026-01-18 14:00:00,131.69,0.0013,669.0,48.8,53.1,0
2026-01-18 14:15:00,108.12,0.0158,607.2,52.8,32.7,0
2026-01-18 14:30:00,125.03,0.0521,695.4,58.6,59.9,0
2026-01-18 14:45:00,147.12,0.0142,700.3,45.8,51.3,0
2026-01-18 15:00:00,127.18,0.0372,768.6,41.5,45.4,0
2026-01-18 15:15:00,137.87,0.0053,735.0,48.1,42.4,0
2026-01-18 15:30:00,113.86,0.006,845.0,49.2,44.3,0
2026-01-18 15:45:00,117.84,0.0176,788.6,44.7,56.1,0
2026-01-18 16:00:00,131.09,0.0229,861.9,40.4,37.0,0
2026-01-18 16:15:00,148.69,0.009,878.8,53.9,47.6,0
2026-01-18 16:30:00,112.72,0.0469,907.1,61.9,55.9,0
2026-01-18 16:45:00,120.36,0.0153,878.1,64.8,33.8,0
2026-01-18 17:00:00,135.99,0.0042,791.5,43.2,43.6,0
2026-01-18 17:15:00,118.55,0.0172,913.6,65.5,37.4,0
2026-01-18 17:30:00,127.67,0.0604,875.8,42.0,39.0,0
2026-01-18 17:45:00,102.87,0.0193,947.7,53.3,49.5,0
2026-01-18 18:00:00,115.06,0.0249,901.8,59.6,52.5,0
2026-01-18 18:15:00,103.82,0.006,980.1,57.1,45.1,0
2026-01-18 18:30:00,84.66,0.0079,907.0,62.6,37.5,0
2026-01-18 18:45:00,99.08,0.0474,909.8,43.2,41.9,0
2026-01-18 19:00:00,124.26,0.0248,993.2,51.4,50.8,0
2026-01-18 19:15:00,126.13,0.0121,924.6,50.0,47.8,0
2026-01-18 19:30:00,130.03,0.0109,985.3,61.8,39.7,0
2026-01-18 19:45:00,125.35,0.0056,840.3,48.3,44.6,0
2026-01-18 20:00:00,115.69,0.0205,1023.8,55.3,53.5,0
2026-01-18 20:15:00,86.69,0.0131,901.0,49.2,49.4,0
2026-01-18 20:30:00,99.1,0.0203,1028.8,56.4,40.7,0
2026-01-18 20:45:00,139.57,0.0476,771.6,42.9,49.8,0
2026-01-18 21:00:00,110.09,0.0698,900.3,42.2,44.1,0
2026-01-18 21:15:00,123.91,0.0102,1031.0,49.6,43.5,0
2026-01-18 21:30:00,126.38,0.0155,1032.2,46.2,48.9,0
2026-01-18 21:45:00,100.32,0.0221,1009.6,51.6,40.3,0
2026-01-18 22:00:00,138.48,0.0363,1106.5,61.2,44.9,0
2026-01-18 22:15:00,160.0,0.0827,1121.2,44.5,55.3,0
2026-01-18 22:30:00,132.16,0.017,1233.0,53.9,65.3,0
2026-01-18 22:45:00,127.65,0.0015,1059.0,71.4,36.0,0
2026-01-18 23:00:00,120.09,0.0229,1146.3,41.3,41.9,0
2026-01-18 23:15:00,136.01,0.0695,1015.9,44.4,55.9,0
2026-01-18 23:30:00,150.68,0.0166,1035.6,56.1,39.2,0
2026-01-18 23:45:00,140.83,0.0033,1016.4,40.5,47.1,0
2026-01-19 00:00:00,142.09,0.0386,1072.3,53.3,60.6,0
2026-01-19 00:15:00,168.11,0.0777,1095.6,68.1,42.9,0
2026-01-19 00:30:00,145.29,0.0123,1152.9,50.7,46.2,0
2026-01-19 00:45:00,142.3,0.0654,1104.2,47.7,39.0,0
2026-01-19 01:00:00,161.6,0.0111,1167.4,43.0,52.8,0
2026-01-19 01:15:00,182.58,0.05,1168.6,49.0,35.5,0
2026-01-19 01:30:00,156.28,0.0682,1076.7,52.5,43.2,0
2026-01-19 01:45:00,143.12,0.0048,1066.6,71.3,38.9,0
2026-01-19 02:00:00,637.28,0.1585,949.1,69.0,45.8,1
2026-01-19 02:15:00,161.53,0.0209,1017.9,52.2,61.0,0
2026-01-19 02:30:00,551.3,0.3595,999.2,82.1,50.7,1
2026-01-19 02:45:00,130.62,0.013,1002.3,46.1,49.7,0
2026-01-19 03:00:00,175.41,0.0328,997.6,34.1,50.1,0
2026-01-19 03:15:00,170.27,0.0264,1064.1,65.7,47.8,0
2026-01-19 03:30:00,157.48,0.0159,1047.6,58.7,57.0,0
2026-01-19 03:45:00,152.92,0.0587,1096.5,63.6,53.4,0
2026-01-19 04:00:00,476.02,0.1485,1016.9,96.9,38.9,1
2026-01-19 04:15:00,161.06,0.0536,948.6,61.3,54.8,0
2026-01-19 04:30:00,126.93,0.0104,1043.0,41.4,49.6,0
2026-01-19 04:45:00,159.16,0.0251,894.0,51.5,51.2,0
2026-01-19 05:00:00,161.87,0.0061,1015.0,57.4,33.9,0
2026-01-19 05:15:00,184.33,0.0153,893.0,61.6,48.0,0
2026-01-19 05:30:00,162.41,0.0007,785.9,52.5,47.0,0
2026-01-19 05:45:00,183.8,0.0139,984.7,56.1,43.1,0
2026-01-19 06:00:00,167.84,0.0138,878.4,52.6,55.5,0
2026-01-19 06:15:00,199.09,0.0438,982.2,40.9,36.5,0
2026-01-19 06:30:00,191.74,0.0742,967.4,47.7,69.2,0
2026-01-19 06:45:00,179.6,0.0054,831.0,45.9,40.2,0
2026-01-19 07:00:00,186.4,0.0123,960.0,58.9,51.3,0
2026-01-19 07:15:00,194.15,0.0458,721.5,52.1,49.5,0
2026-01-19 07:30:00,184.91,0.0153,886.0,63.0,56.2,0
2026-01-19 07:45:00,186.35,0.0261,953.1,56.1,59.7,0
2026-01-19 08:00:00,142.38,0.0186,738.9,46.6,45.0,0
2026-01-19 08:15:00,170.98,0.0015,957.8,62.5,49.2,0
2026-01-19 08:30:00,166.3,0.0121,821.3,39.8,45.0,0
2026-01-19 08:45:00,199.23,0.0229,836.1,47.7,41.2,0
2026-01-19 09:00:00,167.72,0.0109,854.9,42.8,48.2,0
2026-01-19 09:15:00,162.6,0.0235,802.0,40.5,47.8,0
2026-01-19 09:30:00,185.21,0.0395,680.0,38.5,48.1,0
2026-01-19 09:45:00,147.41,0.0027,547.6,39.6,45.4,0
2026-01-19 10:00:00,478.45,0.1354,675.8,73.6,50.4,1
2026-01-19 10:15:00,131.93,0.016,682.0,44.5,53.5,0
2026-01-19 10:30:00,154.54,0.0217,677.7,49.3,39.6,0
2026-01-19 10:45:00,159.17,0.027,699.8,49.4,52.3,0
2026-01-19 11:00:00,185.29,0.0967,526.8,25.8,58.9,0
2026-01-19 11:15:00,156.38,0.0036,642.7,47.8,39.1,0
2026-01-19 11:30:00,143.03,0.0168,764.4,42.8,49.1,0
2026-01-19 11:45:00,156.66,0.0487,799.1,36.2,51.2,0
2026-01-19 12:00:00,175.93,0.0007,669.0,48.9,53.5,0
2026-01-19 12:15:00,113.02,0.0161,768.3,49.3,54.3,0
2026-01-19 12:30:00,163.91,0.0189,538.7,45.9,56.4,0
2026-01-19 12:45:00,156.83,0.017,738.9,53.8,49.0,0
2026-01-19 13:00:00,138.84,0.0356,809.1,44.1,41.0,0
2026-01-19 13:15:00,135.35,0.0366,762.2,40.8,45.5,0
2026-01-19 13:30:00,166.81,0.0791,724.3,47.7,58.1,0
2026-01-19 13:45:00,153.87,0.0306,547.6,41.2,41.8,0
2026-01-19 14:00:00,113.82,0.0173,876.4,72.4,51.6,0
2026-01-19 14:15:00,132.9,0.0036,880.0,49.6,53.9,0
2026-01-19 14:30:00,154.91,0.0569,793.2,49.0,52.3,0
2026-01-19 14:45:00,142.18,0.0324,837.3,42.8,54.5,0
2026-01-19 15:00:00,129.97,0.0023,772.9,40.2,47.8,0
2026-01-19 15:15:00,101.8,0.0161,826.0,36.1,47.3,0
2026-01-19 15:30:00,166.89,0.0208,831.5,46.8,60.7,0
2026-01-19 15:45:00,138.24,0.0304,768.3,46.6,61.8,0
2026-01-19 16:00:00,151.79,0.0303,752.1,56.8,58.1,0
2026-01-19 16:15:00,125.11,0.0197,871.3,48.1,51.8,0
2026-01-19 16:30:00,119.36,0.028,941.5,48.1,44.0,0
2026-01-19 16:45:00,108.09,0.0047,896.9,52.4,49.0,0
2026-01-19 17:00:00,133.75,0.0122,877.3,49.2,47.1,0
2026-01-19 17:15:00,485.6,0.1645,871.9,85.3,55.7,1
2026-01-19 17:30:00,134.94,0.0795,875.9,61.5,50.7,0
2026-01-19 17:45:00,156.79,0.0218,693.5,46.4,52.1,0
